Date & Time (EST),Candle Open,Candle Close,Today's Close,Diff,Close RSI,Exhaustion Type,Exhaustion Strength,Exhaustion Reasons
2025-03-04 09:35:00 AM,5811.98,5794.41,5777.44,(16.97),22.94,BEAR_EXHAUSTION,4,RSI Oversold (22.9); Bullish RSI Divergence; Volume Climax / Capitulation
2025-03-04 09:45:00 AM,5801.19,5794.04,5777.44,(16.6),29.1,BEAR_EXHAUSTION,4,RSI Oversold (29.1); Bullish RSI Divergence; Price Plateau / Body Shrink
2025-03-04 09:55:00 AM,5790.44,5780.0,5777.44,(2.56),29.32,BEAR_EXHAUSTION,4,RSI Oversold (29.3); Bullish RSI Divergence; Overextended bear thrust (3 bars)
2025-03-04 10:00:00 AM,5780.13,5767.27,5777.44,10.17,27.39,BEAR_EXHAUSTION,4,RSI Oversold (27.4); Bullish RSI Divergence; Overextended bear thrust (4 bars)
2025-03-04 10:10:00 AM,5765.13,5756.35,5777.44,21.09,28.06,BEAR_EXHAUSTION,4,RSI Oversold (28.1); Bullish RSI Divergence; Overextended bear thrust (6 bars)
2025-03-05 12:40:00 PM,5800.09,5803.76,5840.95,(37.19),73.43,BULL_EXHAUSTION,4,RSI Overbought (73.4); Bearish RSI Divergence; Overextended bull thrust (5 bars)
2025-03-07 11:55:00 AM,5674.72,5672.46,5769.15,96.69,29.58,BEAR_EXHAUSTION,5,Hammer at swing low; RSI Oversold (29.6); Bullish RSI Divergence; Overextended bear thrust (9 bars)
2025-03-07 01:10:00 PM,5737.9,5738.45,5769.15,(30.7),69.85,BULL_EXHAUSTION,4,Shooting Star at swing high; Bearish RSI Divergence; Price Plateau / Body Shrink
2025-03-07 01:15:00 PM,5737.93,5744.15,5769.15,(25.0),70.15,BULL_EXHAUSTION,4,RSI Overbought (70.1); Bearish RSI Divergence; Overextended bull thrust (3 bars)
2025-03-10 02:45:00 PM,5600.94,5600.23,5615.0,14.77,25.04,BEAR_EXHAUSTION,4,Hammer at swing low; RSI Oversold (25.0); Bullish RSI Divergence
2025-03-10 02:50:00 PM,5600.73,5598.09,5615.0,16.91,25.14,BEAR_EXHAUSTION,4,RSI Oversold (25.1); Bullish RSI Divergence; Overextended bear thrust (3 bars)
2025-03-10 02:55:00 PM,5598.0,5589.51,5615.0,25.49,21.6,BEAR_EXHAUSTION,4,RSI Oversold (21.6); Bullish RSI Divergence; Overextended bear thrust (4 bars)
2025-03-12 11:10:00 AM,5556.42,5553.65,5598.28,44.63,26.6,BEAR_EXHAUSTION,5,Hammer at swing low; RSI Oversold (26.6); Bullish RSI Divergence; Price Plateau / Body Shrink; Overextended bear thrust (3 bars)
2025-03-14 11:50:00 AM,5629.84,5624.48,5636.86,(12.38),79.48,BULL_EXHAUSTION,5,Bearish Engulfing; RSI Overbought (79.5); Bearish RSI Divergence
2025-03-17 01:50:00 PM,5675.92,5675.51,5676.16,(0.65),75.51,BULL_EXHAUSTION,4,RSI Overbought (75.5); Bearish RSI Divergence; Price Plateau / Body Shrink
2025-03-17 02:25:00 PM,5691.61,5691.43,5676.16,15.27,93.35,BULL_EXHAUSTION,4,RSI Overbought (93.3); Bearish RSI Divergence; Price Plateau / Body Shrink
2025-03-17 02:55:00 PM,5701.24,5701.1,5676.16,24.94,87.87,BULL_EXHAUSTION,4,Shooting Star at swing high; RSI Overbought (87.9); Bearish RSI Divergence
2025-03-18 10:05:00 AM,5614.0,5615.18,5615.37,0.19,7.86,BEAR_EXHAUSTION,5,Hammer at swing low; RSI Oversold (7.9); Bullish RSI Divergence; Price Plateau / Body Shrink
2025-03-19 01:25:00 PM,5643.94,5643.62,5675.28,31.66,24.55,BEAR_EXHAUSTION,4,RSI Oversold (24.6); Bullish RSI Divergence; Price Plateau / Body Shrink
2025-03-19 01:35:00 PM,5640.0,5640.4,5675.28,34.88,22.83,BEAR_EXHAUSTION,4,Hammer at swing low; RSI Oversold (22.8); Bullish RSI Divergence
2025-03-20 12:55:00 PM,5663.2,5670.37,5662.07,(8.3),30.59,BEAR_EXHAUSTION,4,Bullish Engulfing; Bullish RSI Divergence
2025-03-24 10:00:00 AM,5750.17,5750.57,5765.15,(14.58),96.92,BULL_EXHAUSTION,4,Shooting Star at swing high; RSI Overbought (96.9); Bearish RSI Divergence
2025-03-24 10:05:00 AM,5750.6,5748.79,5765.15,(16.36),95.34,BULL_EXHAUSTION,5,Bearish Engulfing; RSI Overbought (95.3); Bearish RSI Divergence
2025-03-24 10:25:00 AM,5753.12,5755.27,5765.15,(9.88),94.61,BULL_EXHAUSTION,4,RSI Overbought (94.6); Bearish RSI Divergence; Overextended bull thrust (3 bars)
2025-03-24 03:45:00 PM,5763.15,5764.83,5765.15,(0.32),85.01,BULL_EXHAUSTION,4,RSI Overbought (85.0); Bearish RSI Divergence; Overextended bull thrust (3 bars)
2025-03-24 03:55:00 PM,5769.67,5773.26,5765.15,8.11,83.71,BULL_EXHAUSTION,5,RSI Overbought (83.7); Bearish RSI Divergence; Volume Climax / Blow-off; Overextended bull thrust (5 bars)
2025-03-25 09:35:00 AM,5775.96,5776.07,5776.83,(0.76),71.0,BULL_EXHAUSTION,5,Shooting Star at swing high; RSI Overbought (71.0); Bearish RSI Divergence; Volume Climax / Blow-off
2025-03-25 12:35:00 PM,5767.92,5765.54,5776.83,11.29,20.89,BEAR_EXHAUSTION,4,RSI Oversold (20.9); Bullish RSI Divergence; Price Plateau / Body Shrink
2025-03-25 12:40:00 PM,5765.58,5766.24,5776.83,10.59,23.91,BEAR_EXHAUSTION,4,RSI Oversold (23.9); Bullish RSI Divergence; Price Plateau / Body Shrink
2025-03-28 09:35:00 AM,5679.2,5671.85,5580.28,(91.57),28.23,BEAR_EXHAUSTION,4,RSI Oversold (28.2); Volume Climax / Capitulation; Price Plateau / Body Shrink; Overextended bear thrust (3 bars)
2025-03-28 10:40:00 AM,5612.36,5615.25,5580.28,(34.97),14.08,BEAR_EXHAUSTION,4,RSI Oversold (14.1); Bullish RSI Divergence; Price Plateau / Body Shrink
2025-03-28 11:00:00 AM,5612.99,5609.79,5580.28,(29.51),11.32,BEAR_EXHAUSTION,4,RSI Oversold (11.3); Bullish RSI Divergence; Price Plateau / Body Shrink
2025-03-28 01:10:00 PM,5584.28,5579.02,5580.28,1.26,26.01,BEAR_EXHAUSTION,4,RSI Oversold (26.0); Bullish RSI Divergence; Overextended bear thrust (3 bars)
2025-03-31 02:45:00 PM,5596.22,5595.34,5611.33,(15.99),73.44,BULL_EXHAUSTION,5,Shooting Star at swing high; RSI Overbought (73.4); Bearish RSI Divergence; Price Plateau / Body Shrink
2025-03-31 03:10:00 PM,5595.74,5598.93,5611.33,(12.4),77.35,BULL_EXHAUSTION,4,RSI Overbought (77.4); Bearish RSI Divergence; Price Plateau / Body Shrink
2025-03-31 03:15:00 PM,5598.86,5605.59,5611.33,(5.74),75.31,BULL_EXHAUSTION,4,RSI Overbought (75.3); Bearish RSI Divergence; Overextended bull thrust (3 bars)
2025-04-01 10:25:00 AM,5564.05,5574.41,5632.92,58.51,30.94,BEAR_EXHAUSTION,4,Bullish Engulfing; Bullish RSI Divergence
2025-04-01 11:55:00 AM,5637.05,5632.27,5632.92,(0.65),75.61,BULL_EXHAUSTION,5,Bearish Engulfing; RSI Overbought (75.6); Bearish RSI Divergence
2025-04-01 12:10:00 PM,5642.52,5644.52,5632.92,11.6,73.53,BULL_EXHAUSTION,4,RSI Overbought (73.5); Bearish RSI Divergence; Overextended bull thrust (3 bars)
2025-04-01 12:15:00 PM,5644.61,5643.91,5632.92,10.99,71.5,BULL_EXHAUSTION,4,RSI Overbought (71.5); Bearish RSI Divergence; Price Plateau / Body Shrink
2025-04-01 02:35:00 PM,5588.62,5590.1,5632.92,42.82,28.47,BEAR_EXHAUSTION,4,RSI Oversold (28.5); Bullish RSI Divergence; Price Plateau / Body Shrink
2025-04-02 11:35:00 AM,5655.21,5658.5,5669.25,(10.75),77.07,BULL_EXHAUSTION,5,RSI Overbought (77.1); Bearish RSI Divergence; Price Plateau / Body Shrink; Overextended bull thrust (4 bars)
2025-04-03 10:50:00 AM,5442.11,5428.31,5394.89,(33.42),15.77,BEAR_EXHAUSTION,4,RSI Oversold (15.8); Bullish RSI Divergence; Overextended bear thrust (4 bars)
2025-04-03 10:55:00 AM,5428.21,5426.23,5394.89,(31.34),17.57,BEAR_EXHAUSTION,4,RSI Oversold (17.6); Bullish RSI Divergence; Overextended bear thrust (5 bars)
2025-04-03 11:00:00 AM,5426.29,5421.98,5394.89,(27.09),19.03,BEAR_EXHAUSTION,4,RSI Oversold (19.0); Bullish RSI Divergence; Overextended bear thrust (6 bars)
2025-04-03 11:05:00 AM,5421.74,5426.36,5394.89,(31.47),19.8,BEAR_EXHAUSTION,5,Bullish Engulfing; RSI Oversold (19.8); Bullish RSI Divergence
2025-04-03 02:10:00 PM,5438.73,5435.84,5394.89,(40.95),29.87,BEAR_EXHAUSTION,4,RSI Oversold (29.9); Bullish RSI Divergence; Overextended bear thrust (5 bars)
2025-04-03 02:15:00 PM,5435.78,5428.25,5394.89,(33.36),24.76,BEAR_EXHAUSTION,4,RSI Oversold (24.8); Bullish RSI Divergence; Overextended bear thrust (6 bars)
2025-04-03 02:20:00 PM,5428.17,5426.87,5394.89,(31.98),24.62,BEAR_EXHAUSTION,4,RSI Oversold (24.6); Bullish RSI Divergence; Overextended bear thrust (7 bars)
2025-04-04 10:15:00 AM,5215.85,5201.75,5075.24,(126.51),16.04,BEAR_EXHAUSTION,4,RSI Oversold (16.0); Bullish RSI Divergence; Overextended bear thrust (3 bars)
2025-04-07 01:50:00 PM,5086.89,5093.05,5059.86,33.19,69.81,BULL_EXHAUSTION,4,Bearish RSI Divergence; Price Plateau / Body Shrink; Overextended bull thrust (3 bars)
2025-04-08 01:35:00 PM,5042.58,5041.62,4985.67,(55.95),22.02,BEAR_EXHAUSTION,4,RSI Oversold (22.0); Bullish RSI Divergence; Overextended bear thrust (3 bars)
2025-04-08 01:40:00 PM,5041.59,5069.06,4985.67,(83.39),26.37,BEAR_EXHAUSTION,5,Bullish Engulfing; RSI Oversold (26.4); Bullish RSI Divergence
2025-04-09 01:20:00 PM,5040.86,5142.75,5451.61,(308.86),80.56,BULL_EXHAUSTION,4,RSI Overbought (80.6); Bearish RSI Divergence; Volume Climax / Blow-off
2025-04-09 01:30:00 PM,5255.32,5256.32,5451.61,(195.29),85.6,BULL_EXHAUSTION,4,Shooting Star at swing high; RSI Overbought (85.6); Volume Climax / Blow-off; Overextended bull thrust (4 bars)
2025-04-10 12:30:00 PM,5149.92,5136.34,5268.18,131.84,9.98,BEAR_EXHAUSTION,4,RSI Oversold (10.0); Bullish RSI Divergence; Overextended bear thrust (4 bars)
2025-04-11 12:45:00 PM,5330.25,5337.2,5361.2,(24.0),84.97,BULL_EXHAUSTION,5,RSI Overbought (85.0); Bearish RSI Divergence; Price Plateau / Body Shrink; Overextended bull thrust (3 bars)
2025-04-11 12:50:00 PM,5337.14,5343.69,5361.2,(17.51),82.89,BULL_EXHAUSTION,5,RSI Overbought (82.9); Bearish RSI Divergence; Price Plateau / Body Shrink; Overextended bull thrust (4 bars)
2025-04-11 01:10:00 PM,5338.31,5336.44,5361.2,(24.76),77.54,BULL_EXHAUSTION,4,RSI Overbought (77.5); Bearish RSI Divergence; Price Plateau / Body Shrink
2025-04-14 12:15:00 PM,5374.86,5372.9,5405.56,32.66,23.55,BEAR_EXHAUSTION,4,Hammer at swing low; RSI Oversold (23.6); Bullish RSI Divergence
2025-04-14 02:30:00 PM,5421.5,5421.9,5405.56,16.34,72.59,BULL_EXHAUSTION,4,RSI Overbought (72.6); Bearish RSI Divergence; Overextended bull thrust (3 bars)
2025-04-14 03:15:00 PM,5439.47,5442.63,5405.56,37.07,81.67,BULL_EXHAUSTION,4,RSI Overbought (81.7); Bearish RSI Divergence; Overextended bull thrust (3 bars)
2025-04-16 11:35:00 AM,5363.75,5361.68,5276.26,85.42,77.13,BULL_EXHAUSTION,4,RSI Overbought (77.1); Bearish RSI Divergence; Price Plateau / Body Shrink
2025-04-16 12:50:00 PM,5332.71,5327.97,5276.26,(51.71),24.13,BEAR_EXHAUSTION,4,RSI Oversold (24.1); Bullish RSI Divergence; Price Plateau / Body Shrink
2025-04-16 02:50:00 PM,5256.32,5255.21,5276.26,21.05,28.99,BEAR_EXHAUSTION,5,RSI Oversold (29.0); Bullish RSI Divergence; Price Plateau / Body Shrink; Overextended bear thrust (5 bars)
2025-04-16 03:35:00 PM,5223.64,5236.14,5276.26,40.12,21.48,BEAR_EXHAUSTION,5,Bullish Engulfing; RSI Oversold (21.5); Bullish RSI Divergence
2025-04-17 04:00:00 PM,5287.61,5283.5,5283.5,0.0,25.2,BEAR_EXHAUSTION,4,RSI Oversold (25.2); Bullish RSI Divergence; Volume Climax / Capitulation
2025-04-21 10:50:00 AM,5170.63,5165.54,5157.81,(7.73),18.7,BEAR_EXHAUSTION,4,RSI Oversold (18.7); Bullish RSI Divergence; Price Plateau / Body Shrink
2025-04-21 10:55:00 AM,5165.51,5164.68,5157.81,(6.87),19.5,BEAR_EXHAUSTION,5,RSI Oversold (19.5); Bullish RSI Divergence; Price Plateau / Body Shrink; Overextended bear thrust (3 bars)
2025-04-21 11:00:00 AM,5164.6,5162.26,5157.81,(4.45),18.31,BEAR_EXHAUSTION,4,RSI Oversold (18.3); Bullish RSI Divergence; Overextended bear thrust (4 bars)
2025-04-21 11:35:00 AM,5147.44,5137.99,5157.81,19.82,26.15,BEAR_EXHAUSTION,4,RSI Oversold (26.2); Bullish RSI Divergence; Overextended bear thrust (3 bars)
2025-04-21 12:00:00 PM,5127.33,5126.41,5157.81,31.4,12.85,BEAR_EXHAUSTION,5,RSI Oversold (12.9); Bullish RSI Divergence; Price Plateau / Body Shrink; Overextended bear thrust (4 bars)
2025-04-21 12:05:00 PM,5126.4,5131.86,5157.81,25.95,21.34,BEAR_EXHAUSTION,5,Bullish Engulfing; RSI Oversold (21.3); Bullish RSI Divergence
2025-04-21 02:10:00 PM,5103.36,5104.41,5157.81,53.4,19.1,BEAR_EXHAUSTION,4,RSI Oversold (19.1); Bullish RSI Divergence; Price Plateau / Body Shrink
2025-04-22 09:35:00 AM,5207.67,5210.27,5286.81,(76.54),96.01,BULL_EXHAUSTION,5,Shooting Star at swing high; RSI Overbought (96.0); Volume Climax / Blow-off; Price Plateau / Body Shrink; Overextended bull thrust (7 bars)
2025-04-22 10:10:00 AM,5239.24,5246.6,5286.81,(40.21),95.92,BULL_EXHAUSTION,4,RSI Overbought (95.9); Bearish RSI Divergence; Overextended bull thrust (3 bars)
2025-04-22 10:50:00 AM,5255.39,5255.72,5286.81,(31.09),79.44,BULL_EXHAUSTION,5,Shooting Star at swing high; RSI Overbought (79.4); Bearish RSI Divergence; Price Plateau / Body Shrink; Overextended bull thrust (3 bars)
2025-04-22 10:55:00 AM,5255.84,5257.04,5286.81,(29.77),75.85,BULL_EXHAUSTION,4,RSI Overbought (75.8); Bearish RSI Divergence; Overextended bull thrust (4 bars)
2025-04-22 11:00:00 AM,5257.02,5262.9,5286.81,(23.91),76.36,BULL_EXHAUSTION,4,RSI Overbought (76.4); Bearish RSI Divergence; Overextended bull thrust (5 bars)
2025-04-22 11:15:00 AM,5269.26,5271.63,5286.81,(15.18),85.35,BULL_EXHAUSTION,4,RSI Overbought (85.4); Bearish RSI Divergence; Overextended bull thrust (8 bars)
2025-04-22 12:15:00 PM,5291.45,5297.76,5286.81,10.95,71.75,BULL_EXHAUSTION,4,RSI Overbought (71.7); Bearish RSI Divergence; Overextended bull thrust (6 bars)
2025-04-23 10:05:00 AM,5452.46,5452.05,5372.42,79.63,89.15,BULL_EXHAUSTION,4,RSI Overbought (89.2); Bearish RSI Divergence; Price Plateau / Body Shrink
2025-04-23 10:35:00 AM,5455.42,5464.31,5372.42,91.89,86.02,BULL_EXHAUSTION,4,RSI Overbought (86.0); Bearish RSI Divergence; Overextended bull thrust (3 bars)
2025-04-23 12:30:00 PM,5362.8,5379.27,5372.42,(6.85),29.56,BEAR_EXHAUSTION,5,Bullish Engulfing; RSI Oversold (29.6); Bullish RSI Divergence
2025-04-23 03:25:00 PM,5368.26,5360.6,5372.42,11.82,24.54,BEAR_EXHAUSTION,4,RSI Oversold (24.5); Bullish RSI Divergence; Overextended bear thrust (3 bars)
2025-04-24 11:10:00 AM,5445.35,5446.11,5483.59,(37.48),78.26,BULL_EXHAUSTION,4,RSI Overbought (78.3); Bearish RSI Divergence; Overextended bull thrust (4 bars)
2025-04-24 11:15:00 AM,5446.13,5453.05,5483.59,(30.54),79.95,BULL_EXHAUSTION,4,RSI Overbought (79.9); Bearish RSI Divergence; Overextended bull thrust (5 bars)
2025-04-25 01:05:00 PM,5509.44,5509.5,5523.52,(14.02),83.4,BULL_EXHAUSTION,5,RSI Overbought (83.4); Bearish RSI Divergence; Price Plateau / Body Shrink; Overextended bull thrust (3 bars)
2025-04-25 01:10:00 PM,5509.5,5514.52,5523.52,(9.0),85.4,BULL_EXHAUSTION,4,RSI Overbought (85.4); Bearish RSI Divergence; Overextended bull thrust (4 bars)
2025-04-25 01:15:00 PM,5514.49,5518.02,5523.52,(5.5),86.09,BULL_EXHAUSTION,4,RSI Overbought (86.1); Bearish RSI Divergence; Overextended bull thrust (5 bars)
2025-04-28 12:15:00 PM,5479.75,5479.31,5528.64,49.33,20.51,BEAR_EXHAUSTION,4,Hammer at swing low; RSI Oversold (20.5); Price Plateau / Body Shrink; Overextended bear thrust (4 bars)
2025-04-28 02:50:00 PM,5503.34,5503.94,5528.64,(24.7),83.66,BULL_EXHAUSTION,4,RSI Overbought (83.7); Bearish RSI Divergence; Overextended bull thrust (3 bars)
2025-04-28 02:55:00 PM,5503.98,5506.82,5528.64,(21.82),83.32,BULL_EXHAUSTION,4,RSI Overbought (83.3); Bearish RSI Divergence; Overextended bull thrust (4 bars)
2025-04-28 03:15:00 PM,5516.07,5515.69,5528.64,(12.95),77.39,BULL_EXHAUSTION,4,RSI Overbought (77.4); Bearish RSI Divergence; Price Plateau / Body Shrink
2025-04-28 03:40:00 PM,5524.75,5523.05,5528.64,(5.59),76.48,BULL_EXHAUSTION,5,Bearish Engulfing; RSI Overbought (76.5); Bearish RSI Divergence; Volume Climax / Blow-off
2025-04-28 04:00:00 PM,5537.22,5528.64,5528.64,0.0,73.63,BULL_EXHAUSTION,4,Bearish Engulfing; RSI Overbought (73.6); Volume Climax / Blow-off
2025-04-30 11:20:00 AM,5503.94,5505.45,5571.54,(66.09),89.26,BULL_EXHAUSTION,5,RSI Overbought (89.3); Bearish RSI Divergence; Price Plateau / Body Shrink; Overextended bull thrust (6 bars)
2025-04-30 11:25:00 AM,5505.59,5506.57,5571.54,(64.97),87.43,BULL_EXHAUSTION,5,Shooting Star at swing high; RSI Overbought (87.4); Bearish RSI Divergence; Price Plateau / Body Shrink; Overextended bull thrust (7 bars)
2025-04-30 11:30:00 AM,5506.54,5507.82,5571.54,(63.72),87.04,BULL_EXHAUSTION,4,RSI Overbought (87.0); Bearish RSI Divergence; Overextended bull thrust (8 bars)
2025-04-30 12:05:00 PM,5511.38,5512.77,5571.54,(58.77),83.96,BULL_EXHAUSTION,4,RSI Overbought (84.0); Bearish RSI Divergence; Price Plateau / Body Shrink
2025-04-30 12:10:00 PM,5512.76,5514.24,5571.54,(57.3),83.79,BULL_EXHAUSTION,5,Shooting Star at swing high; RSI Overbought (83.8); Bearish RSI Divergence; Overextended bull thrust (3 bars)
2025-04-30 04:00:00 PM,5568.73,5571.54,5571.54,0.0,76.17,BULL_EXHAUSTION,4,Shooting Star at swing high; RSI Overbought (76.2); Volume Climax / Blow-off; Overextended bull thrust (5 bars)
2025-05-01 10:30:00 AM,5636.1,5639.12,5597.4,41.72,85.09,BULL_EXHAUSTION,4,RSI Overbought (85.1); Bearish RSI Divergence; Overextended bull thrust (4 bars)
2025-05-02 11:10:00 AM,5673.09,5672.01,5685.73,(13.72),68.46,BULL_EXHAUSTION,4,Shooting Star at swing high; Bearish RSI Divergence; Price Plateau / Body Shrink
2025-05-05 02:45:00 PM,5682.22,5683.11,5651.2,31.91,72.78,BULL_EXHAUSTION,4,RSI Overbought (72.8); Bearish RSI Divergence; Overextended bull thrust (3 bars)
2025-05-05 04:00:00 PM,5651.27,5651.2,5651.2,0.0,7.39,BEAR_EXHAUSTION,4,Hammer at swing low; RSI Oversold (7.4); Volume Climax / Capitulation; Overextended bear thrust (4 bars)
2025-05-06 09:55:00 AM,5596.13,5587.05,5607.89,20.84,7.84,BEAR_EXHAUSTION,4,RSI Oversold (7.8); Bullish RSI Divergence; Overextended bear thrust (3 bars)
2025-05-06 11:25:00 AM,5628.73,5634.01,5607.89,26.12,75.3,BULL_EXHAUSTION,4,RSI Overbought (75.3); Bearish RSI Divergence; Overextended bull thrust (3 bars)
2025-05-08 12:45:00 PM,5710.93,5714.3,5663.6,50.7,74.5,BULL_EXHAUSTION,4,RSI Overbought (74.5); Bearish RSI Divergence; Overextended bull thrust (3 bars)
2025-05-08 12:50:00 PM,5714.3,5716.92,5663.6,53.32,73.02,BULL_EXHAUSTION,5,RSI Overbought (73.0); Bearish RSI Divergence; Price Plateau / Body Shrink; Overextended bull thrust (4 bars)
2025-05-13 09:50:00 AM,5860.01,5857.3,5888.09,(30.79),69.11,BULL_EXHAUSTION,4,Bearish Engulfing; Bearish RSI Divergence
2025-05-13 11:00:00 AM,5886.79,5887.03,5888.09,(1.06),78.48,BULL_EXHAUSTION,5,Shooting Star at swing high; RSI Overbought (78.5); Bearish RSI Divergence; Overextended bull thrust (3 bars)
2025-05-15 12:10:00 PM,5907.68,5913.75,5908.91,4.84,87.86,BULL_EXHAUSTION,4,RSI Overbought (87.9); Bearish RSI Divergence; Overextended bull thrust (3 bars)
2025-05-15 01:25:00 PM,5920.76,5923.47,5908.91,14.56,75.33,BULL_EXHAUSTION,4,RSI Overbought (75.3); Bearish RSI Divergence; Overextended bull thrust (3 bars)
2025-05-16 12:15:00 PM,5930.11,5933.41,5958.4,(24.99),70.98,BULL_EXHAUSTION,4,RSI Overbought (71.0); Bearish RSI Divergence; Overextended bull thrust (3 bars)
2025-05-16 01:20:00 PM,5941.76,5945.77,5958.4,(12.63),78.31,BULL_EXHAUSTION,4,RSI Overbought (78.3); Bearish RSI Divergence; Overextended bull thrust (4 bars)
2025-05-16 01:45:00 PM,5945.56,5944.8,5958.4,(13.6),70.22,BULL_EXHAUSTION,4,RSI Overbought (70.2); Bearish RSI Divergence; Price Plateau / Body Shrink
2025-05-21 12:05:00 PM,5930.33,5930.92,5846.7,84.22,72.69,BULL_EXHAUSTION,4,RSI Overbought (72.7); Bearish RSI Divergence; Price Plateau / Body Shrink
2025-05-21 03:30:00 PM,5835.89,5835.3,5846.7,11.4,31.28,BEAR_EXHAUSTION,5,Hammer at swing low; Bullish RSI Divergence; Price Plateau / Body Shrink; Overextended bear thrust (3 bars)
2025-05-27 10:30:00 AM,5890.26,5890.4,5919.54,(29.14),91.08,BULL_EXHAUSTION,4,Shooting Star at swing high; RSI Overbought (91.1); Price Plateau / Body Shrink; Overextended bull thrust (3 bars)
2025-05-27 10:55:00 AM,5894.56,5895.17,5919.54,(24.37),94.97,BULL_EXHAUSTION,5,Shooting Star at swing high; RSI Overbought (95.0); Bearish RSI Divergence; Overextended bull thrust (3 bars)
2025-05-27 11:25:00 AM,5896.37,5896.81,5919.54,(22.73),76.64,BULL_EXHAUSTION,5,RSI Overbought (76.6); Bearish RSI Divergence; Price Plateau / Body Shrink; Overextended bull thrust (3 bars)
2025-05-27 11:30:00 AM,5896.88,5899.81,5919.54,(19.73),73.83,BULL_EXHAUSTION,4,RSI Overbought (73.8); Bearish RSI Divergence; Overextended bull thrust (4 bars)
2025-05-27 12:15:00 PM,5906.17,5906.23,5919.54,(13.31),81.27,BULL_EXHAUSTION,4,Shooting Star at swing high; RSI Overbought (81.3); Price Plateau / Body Shrink; Overextended bull thrust (3 bars)
2025-05-27 12:35:00 PM,5905.37,5906.5,5919.54,(13.04),73.62,BULL_EXHAUSTION,4,RSI Overbought (73.6); Bearish RSI Divergence; Price Plateau / Body Shrink
2025-05-27 02:10:00 PM,5920.12,5920.53,5919.54,0.99,73.44,BULL_EXHAUSTION,4,RSI Overbought (73.4); Bearish RSI Divergence; Price Plateau / Body Shrink
2025-05-30 02:20:00 PM,5886.02,5895.98,5908.02,(12.04),73.29,BULL_EXHAUSTION,4,RSI Overbought (73.3); Bearish RSI Divergence; Overextended bull thrust (4 bars)
2025-05-30 03:20:00 PM,5906.8,5912.93,5908.02,4.91,78.71,BULL_EXHAUSTION,4,RSI Overbought (78.7); Bearish RSI Divergence; Overextended bull thrust (7 bars)
2025-05-30 03:25:00 PM,5912.9,5914.28,5908.02,6.26,78.68,BULL_EXHAUSTION,4,RSI Overbought (78.7); Bearish RSI Divergence; Overextended bull thrust (8 bars)
2025-05-30 03:30:00 PM,5914.39,5917.35,5908.02,9.33,75.22,BULL_EXHAUSTION,4,RSI Overbought (75.2); Bearish RSI Divergence; Overextended bull thrust (9 bars)
2025-05-30 03:40:00 PM,5914.54,5914.52,5908.02,6.5,74.08,BULL_EXHAUSTION,5,Shooting Star at swing high; RSI Overbought (74.1); Bearish RSI Divergence; Price Plateau / Body Shrink
2025-06-02 03:15:00 PM,5930.08,5929.28,5935.36,(6.08),83.21,BULL_EXHAUSTION,4,RSI Overbought (83.2); Bearish RSI Divergence; Price Plateau / Body Shrink
2025-06-03 12:40:00 PM,5974.27,5974.89,5970.53,4.36,79.02,BULL_EXHAUSTION,5,Shooting Star at swing high; RSI Overbought (79.0); Bearish RSI Divergence; Overextended bull thrust (3 bars)
2025-06-04 01:40:00 PM,5983.6,5983.41,5971.16,12.25,87.93,BULL_EXHAUSTION,4,Shooting Star at swing high; Bearish Engulfing; RSI Overbought (87.9)
2025-06-05 09:40:00 AM,5975.33,5965.27,5939.68,(25.59),26.64,BEAR_EXHAUSTION,4,RSI Oversold (26.6); Bullish RSI Divergence; Overextended bear thrust (8 bars)
2025-06-05 11:30:00 AM,5995.42,5996.36,5939.68,56.68,77.69,BULL_EXHAUSTION,4,RSI Overbought (77.7); Bearish RSI Divergence; Overextended bull thrust (4 bars)
2025-06-05 11:40:00 AM,5995.83,5995.28,5939.68,55.6,70.58,BULL_EXHAUSTION,4,RSI Overbought (70.6); Bearish RSI Divergence; Price Plateau / Body Shrink
2025-06-05 12:05:00 PM,5997.81,5999.05,5939.68,59.37,84.15,BULL_EXHAUSTION,4,RSI Overbought (84.2); Bearish RSI Divergence; Overextended bull thrust (3 bars)
2025-06-05 12:10:00 PM,5999.14,5994.43,5939.68,54.75,68.02,BULL_EXHAUSTION,4,Bearish Engulfing; Bearish RSI Divergence
2025-06-09 03:55:00 PM,6011.29,6008.29,6004.2,(4.09),29.82,BEAR_EXHAUSTION,4,RSI Oversold (29.8); Bullish RSI Divergence; Volume Climax / Capitulation
2025-06-10 10:55:00 AM,6023.96,6024.0,6039.83,(15.83),73.48,BULL_EXHAUSTION,4,RSI Overbought (73.5); Bearish RSI Divergence; Price Plateau / Body Shrink
2025-06-12 10:55:00 AM,6039.81,6038.03,6045.2,(7.17),85.93,BULL_EXHAUSTION,5,Bearish Engulfing; RSI Overbought (85.9); Bearish RSI Divergence
2025-06-13 12:20:00 PM,6024.75,6025.2,5977.48,47.72,79.28,BULL_EXHAUSTION,5,RSI Overbought (79.3); Bearish RSI Divergence; Price Plateau / Body Shrink; Overextended bull thrust (3 bars)
2025-06-13 12:25:00 PM,6025.21,6023.4,5977.48,45.92,74.86,BULL_EXHAUSTION,5,Bearish Engulfing; RSI Overbought (74.9); Bearish RSI Divergence
2025-06-13 02:20:00 PM,5994.36,5993.19,5977.48,(15.71),26.86,BEAR_EXHAUSTION,5,Hammer at swing low; RSI Oversold (26.9); Bullish RSI Divergence; Price Plateau / Body Shrink; Overextended bear thrust (5 bars)
2025-06-13 02:25:00 PM,5993.2,5988.9,5977.48,(11.42),26.36,BEAR_EXHAUSTION,4,RSI Oversold (26.4); Bullish RSI Divergence; Overextended bear thrust (6 bars)
2025-06-13 02:45:00 PM,5967.71,5969.74,5977.48,7.74,16.84,BEAR_EXHAUSTION,4,RSI Oversold (16.8); Bullish RSI Divergence; Price Plateau / Body Shrink
2025-06-16 10:45:00 AM,6046.87,6048.91,6033.38,15.53,80.17,BULL_EXHAUSTION,4,RSI Overbought (80.2); Bearish RSI Divergence; Price Plateau / Body Shrink
2025-06-17 01:50:00 PM,5995.85,5987.64,5982.06,(5.58),16.77,BEAR_EXHAUSTION,4,RSI Oversold (16.8); Bullish RSI Divergence; Overextended bear thrust (3 bars)
2025-06-17 02:45:00 PM,5981.18,5978.68,5982.06,3.38,24.1,BEAR_EXHAUSTION,4,RSI Oversold (24.1); Bullish RSI Divergence; Price Plateau / Body Shrink
2025-06-23 10:30:00 AM,6003.16,5999.65,6024.75,(25.1),82.8,BULL_EXHAUSTION,5,Bearish Engulfing; RSI Overbought (82.8); Bearish RSI Divergence
2025-06-24 12:40:00 PM,6089.47,6091.41,6093.28,(1.87),75.51,BULL_EXHAUSTION,4,RSI Overbought (75.5); Bearish RSI Divergence; Overextended bull thrust (6 bars)
2025-06-25 09:35:00 AM,6104.23,6104.57,6093.86,10.71,68.31,BULL_EXHAUSTION,4,Bearish RSI Divergence; Volume Climax / Blow-off; Price Plateau / Body Shrink
2025-06-26 11:00:00 AM,6128.01,6127.63,6142.62,(14.99),78.03,BULL_EXHAUSTION,5,Bearish Engulfing; RSI Overbought (78.0); Bearish RSI Divergence
2025-06-26 02:20:00 PM,6141.96,6142.62,6142.62,0.0,78.3,BULL_EXHAUSTION,4,Shooting Star at swing high; RSI Overbought (78.3); Price Plateau / Body Shrink; Overextended bull thrust (4 bars)
2025-06-27 10:50:00 AM,6177.81,6178.05,6171.97,6.08,80.29,BULL_EXHAUSTION,5,RSI Overbought (80.3); Bearish RSI Divergence; Price Plateau / Body Shrink; Overextended bull thrust (3 bars)
2025-06-27 12:20:00 PM,6184.88,6182.61,6171.97,10.64,68.15,BULL_EXHAUSTION,4,Bearish Engulfing; Bearish RSI Divergence
2025-06-27 12:40:00 PM,6187.0,6185.7,6171.97,13.73,72.1,BULL_EXHAUSTION,5,Bearish Engulfing; RSI Overbought (72.1); Bearish RSI Divergence
2025-06-27 02:25:00 PM,6154.76,6153.95,6171.97,18.02,11.43,BEAR_EXHAUSTION,4,Hammer at swing low; RSI Oversold (11.4); Price Plateau / Body Shrink; Overextended bear thrust (3 bars)
2025-06-27 03:00:00 PM,6135.53,6135.44,6171.97,36.53,11.95,BEAR_EXHAUSTION,5,Hammer at swing low; RSI Oversold (11.9); Bullish RSI Divergence; Overextended bear thrust (3 bars)
2025-07-03 10:30:00 AM,6272.04,6271.87,6279.36,(7.49),91.27,BULL_EXHAUSTION,4,RSI Overbought (91.3); Bearish RSI Divergence; Price Plateau / Body Shrink
2025-07-03 10:50:00 AM,6275.49,6275.05,6279.36,(4.31),79.23,BULL_EXHAUSTION,4,RSI Overbought (79.2); Bearish RSI Divergence; Price Plateau / Body Shrink
2025-07-03 10:55:00 AM,6275.12,6275.34,6279.36,(4.02),78.73,BULL_EXHAUSTION,4,RSI Overbought (78.7); Bearish RSI Divergence; Price Plateau / Body Shrink
2025-07-03 11:05:00 AM,6275.43,6276.92,6279.36,(2.44),71.67,BULL_EXHAUSTION,4,RSI Overbought (71.7); Bearish RSI Divergence; Overextended bull thrust (3 bars)
2025-07-07 11:10:00 AM,6243.05,6242.67,6230.76,(11.91),18.53,BEAR_EXHAUSTION,4,Hammer at swing low; RSI Oversold (18.5); Price Plateau / Body Shrink; Overextended bear thrust (4 bars)
2025-07-07 11:15:00 AM,6242.66,6241.64,6230.76,(10.88),21.8,BEAR_EXHAUSTION,4,RSI Oversold (21.8); Bullish RSI Divergence; Overextended bear thrust (5 bars)
2025-07-07 11:20:00 AM,6241.6,6239.54,6230.76,(8.78),19.8,BEAR_EXHAUSTION,4,RSI Oversold (19.8); Bullish RSI Divergence; Overextended bear thrust (6 bars)
2025-07-08 03:20:00 PM,6224.8,6225.49,6225.48,(0.01),31.31,BEAR_EXHAUSTION,4,Bullish Engulfing; Bullish RSI Divergence
2025-07-09 11:20:00 AM,6235.07,6235.5,6262.27,26.77,15.81,BEAR_EXHAUSTION,4,Hammer at swing low; RSI Oversold (15.8); Bullish RSI Divergence
2025-07-10 11:25:00 AM,6273.76,6274.32,6280.14,(5.82),75.96,BULL_EXHAUSTION,4,RSI Overbought (76.0); Bearish RSI Divergence; Price Plateau / Body Shrink
2025-07-10 11:30:00 AM,6274.42,6276.66,6280.14,(3.48),74.29,BULL_EXHAUSTION,4,RSI Overbought (74.3); Bearish RSI Divergence; Overextended bull thrust (3 bars)
2025-07-10 11:55:00 AM,6278.1,6277.58,6280.14,(2.56),71.87,BULL_EXHAUSTION,4,RSI Overbought (71.9); Bearish RSI Divergence; Price Plateau / Body Shrink
2025-07-10 01:45:00 PM,6284.8,6285.38,6280.14,5.24,75.62,BULL_EXHAUSTION,4,RSI Overbought (75.6); Bearish RSI Divergence; Price Plateau / Body Shrink
2025-07-10 01:50:00 PM,6285.39,6285.02,6280.14,4.88,72.77,BULL_EXHAUSTION,4,RSI Overbought (72.8); Bearish RSI Divergence; Price Plateau / Body Shrink
2025-07-15 01:20:00 PM,6254.55,6255.21,6243.1,(12.11),31.96,BEAR_EXHAUSTION,4,Hammer at swing low; Bullish RSI Divergence; Price Plateau / Body Shrink
2025-07-15 02:20:00 PM,6268.69,6267.08,6243.1,23.98,80.66,BULL_EXHAUSTION,5,Bearish Engulfing; RSI Overbought (80.7); Bearish RSI Divergence
2025-07-16 01:00:00 PM,6248.5,6251.62,6263.58,(11.96),79.6,BULL_EXHAUSTION,4,RSI Overbought (79.6); Bearish RSI Divergence; Overextended bull thrust (3 bars)
2025-07-16 01:05:00 PM,6251.65,6253.02,6263.58,(10.56),79.63,BULL_EXHAUSTION,5,RSI Overbought (79.6); Bearish RSI Divergence; Price Plateau / Body Shrink; Overextended bull thrust (4 bars)
2025-07-16 01:10:00 PM,6253.05,6255.39,6263.58,(8.19),73.36,BULL_EXHAUSTION,4,RSI Overbought (73.4); Bearish RSI Divergence; Overextended bull thrust (5 bars)
2025-07-17 12:05:00 PM,6293.44,6295.05,6299.02,(3.97),85.77,BULL_EXHAUSTION,4,RSI Overbought (85.8); Bearish RSI Divergence; Overextended bull thrust (3 bars)
2025-07-17 02:35:00 PM,6299.81,6298.94,6299.02,(0.08),74.56,BULL_EXHAUSTION,4,RSI Overbought (74.6); Bearish RSI Divergence; Price Plateau / Body Shrink
2025-07-17 02:40:00 PM,6298.95,6299.02,6299.02,0.0,74.04,BULL_EXHAUSTION,4,RSI Overbought (74.0); Bearish RSI Divergence; Price Plateau / Body Shrink
2025-07-17 02:50:00 PM,6299.11,6300.7,6299.02,1.68,73.14,BULL_EXHAUSTION,4,RSI Overbought (73.1); Bearish RSI Divergence; Overextended bull thrust (3 bars)
2025-07-17 03:00:00 PM,6300.36,6300.41,6299.02,1.39,72.28,BULL_EXHAUSTION,5,Shooting Star at swing high; RSI Overbought (72.3); Bearish RSI Divergence; Price Plateau / Body Shrink
2025-07-21 10:35:00 AM,6333.8,6331.09,6307.46,23.63,87.52,BULL_EXHAUSTION,5,Bearish Engulfing; RSI Overbought (87.5); Bearish RSI Divergence
2025-07-21 10:40:00 AM,6331.16,6330.94,6307.46,23.48,87.17,BULL_EXHAUSTION,4,Shooting Star at swing high; RSI Overbought (87.2); Bearish RSI Divergence
2025-07-21 04:00:00 PM,6308.41,6307.46,6307.46,0.0,8.95,BEAR_EXHAUSTION,5,Hammer at swing low; RSI Oversold (8.9); Bullish RSI Divergence; Volume Climax / Capitulation
2025-07-22 09:55:00 AM,6299.54,6284.37,6309.13,24.76,17.81,BEAR_EXHAUSTION,4,RSI Oversold (17.8); Bullish RSI Divergence; Overextended bear thrust (3 bars)
2025-07-23 02:35:00 PM,6353.18,6352.69,6359.91,(7.22),74.07,BULL_EXHAUSTION,4,RSI Overbought (74.1); Bearish RSI Divergence; Price Plateau / Body Shrink
2025-07-25 11:25:00 AM,6379.86,6380.02,6389.59,(9.57),68.23,BULL_EXHAUSTION,4,Bearish RSI Divergence; Price Plateau / Body Shrink; Overextended bull thrust (3 bars)
2025-07-25 12:40:00 PM,6387.57,6387.33,6389.59,(2.26),68.73,BULL_EXHAUSTION,4,Shooting Star at swing high; Bearish RSI Divergence; Price Plateau / Body Shrink
2025-07-25 01:05:00 PM,6388.72,6388.84,6389.59,(0.75),84.23,BULL_EXHAUSTION,4,RSI Overbought (84.2); Bearish RSI Divergence; Price Plateau / Body Shrink
2025-07-25 01:30:00 PM,6389.69,6390.8,6389.59,1.21,74.19,BULL_EXHAUSTION,4,RSI Overbought (74.2); Bearish RSI Divergence; Price Plateau / Body Shrink
2025-07-25 01:35:00 PM,6390.78,6393.38,6389.59,3.79,74.52,BULL_EXHAUSTION,4,RSI Overbought (74.5); Bearish RSI Divergence; Overextended bull thrust (3 bars)
2025-07-29 11:00:00 AM,6387.16,6387.1,6371.63,(15.47),28.5,BEAR_EXHAUSTION,4,RSI Oversold (28.5); Bullish RSI Divergence; Overextended bear thrust (4 bars)
2025-07-29 11:40:00 AM,6375.87,6373.23,6371.63,(1.6),12.05,BEAR_EXHAUSTION,4,RSI Oversold (12.0); Bullish RSI Divergence; Price Plateau / Body Shrink
2025-07-29 11:45:00 AM,6373.16,6371.4,6371.63,0.23,12.25,BEAR_EXHAUSTION,4,RSI Oversold (12.2); Bullish RSI Divergence; Price Plateau / Body Shrink
2025-07-29 11:50:00 AM,6371.35,6378.74,6371.63,(7.11),27.99,BEAR_EXHAUSTION,5,Bullish Engulfing; RSI Oversold (28.0); Bullish RSI Divergence
2025-07-30 10:35:00 AM,6383.27,6385.89,6364.83,21.06,71.12,BULL_EXHAUSTION,4,RSI Overbought (71.1); Bearish RSI Divergence; Price Plateau / Body Shrink
2025-07-30 10:40:00 AM,6385.68,6385.5,6364.83,20.67,69.95,BULL_EXHAUSTION,4,Shooting Star at swing high; Bearish RSI Divergence; Price Plateau / Body Shrink
2025-07-31 02:20:00 PM,6345.11,6345.31,6341.54,(3.77),13.64,BEAR_EXHAUSTION,5,Hammer at swing low; RSI Oversold (13.6); Bullish RSI Divergence; Price Plateau / Body Shrink
2025-08-01 10:00:00 AM,6233.55,6232.49,6237.3,4.81,14.0,BEAR_EXHAUSTION,4,RSI Oversold (14.0); Bullish RSI Divergence; Price Plateau / Body Shrink
2025-08-01 10:05:00 AM,6232.33,6228.14,6237.3,9.16,14.07,BEAR_EXHAUSTION,4,Hammer at swing low; RSI Oversold (14.1); Bullish RSI Divergence
2025-08-01 01:35:00 PM,6224.38,6228.29,6237.3,9.01,15.49,BEAR_EXHAUSTION,5,Bullish Engulfing; RSI Oversold (15.5); Bullish RSI Divergence
2025-08-04 10:00:00 AM,6303.66,6310.01,6329.54,(19.53),82.68,BULL_EXHAUSTION,4,RSI Overbought (82.7); Bearish RSI Divergence; Overextended bull thrust (6 bars)
2025-08-05 11:40:00 AM,6298.82,6294.55,6299.19,4.64,29.21,BEAR_EXHAUSTION,4,RSI Oversold (29.2); Bullish RSI Divergence; Overextended bear thrust (5 bars)
2025-08-06 11:55:00 AM,6342.39,6347.56,6344.78,2.78,81.61,BULL_EXHAUSTION,4,RSI Overbought (81.6); Bearish RSI Divergence; Overextended bull thrust (3 bars)
2025-08-07 11:20:00 AM,6341.24,6345.51,6341.08,(4.43),23.42,BEAR_EXHAUSTION,5,Bullish Engulfing; RSI Oversold (23.4); Bullish RSI Divergence
2025-08-07 11:40:00 AM,6337.7,6338.87,6341.08,2.21,28.39,BEAR_EXHAUSTION,4,RSI Oversold (28.4); Bullish RSI Divergence; Price Plateau / Body Shrink
2025-08-11 01:50:00 PM,6385.53,6387.53,6374.49,(13.04),26.58,BEAR_EXHAUSTION,5,Bullish Engulfing; RSI Oversold (26.6); Bullish RSI Divergence
2025-08-11 02:10:00 PM,6384.01,6382.95,6374.49,(8.46),27.43,BEAR_EXHAUSTION,4,RSI Oversold (27.4); Bullish RSI Divergence; Overextended bear thrust (4 bars)
2025-08-12 11:15:00 AM,6422.9,6423.59,6445.3,(21.71),88.94,BULL_EXHAUSTION,4,Shooting Star at swing high; RSI Overbought (88.9); Price Plateau / Body Shrink; Overextended bull thrust (8 bars)
2025-08-12 11:20:00 AM,6423.79,6426.59,6445.3,(18.71),88.22,BULL_EXHAUSTION,4,RSI Overbought (88.2); Bearish RSI Divergence; Overextended bull thrust (9 bars)
2025-08-12 12:55:00 PM,6435.85,6436.65,6445.3,(8.65),75.62,BULL_EXHAUSTION,4,RSI Overbought (75.6); Bearish RSI Divergence; Overextended bull thrust (3 bars)
2025-08-12 01:25:00 PM,6434.92,6434.95,6445.3,(10.35),71.39,BULL_EXHAUSTION,5,Shooting Star at swing high; RSI Overbought (71.4); Bearish RSI Divergence; Price Plateau / Body Shrink; Overextended bull thrust (3 bars)
2025-08-14 03:50:00 PM,6469.44,6469.61,6467.8,1.81,69.51,BULL_EXHAUSTION,5,Shooting Star at swing high; Bearish RSI Divergence; Volume Climax / Blow-off; Price Plateau / Body Shrink; Overextended bull thrust (3 bars)
2025-08-14 03:55:00 PM,6469.86,6472.63,6467.8,4.83,68.55,BULL_EXHAUSTION,4,Bearish RSI Divergence; Volume Climax / Blow-off; Overextended bull thrust (4 bars)
2025-08-15 10:55:00 AM,6453.25,6452.45,6450.12,(2.33),27.68,BEAR_EXHAUSTION,5,RSI Oversold (27.7); Bullish RSI Divergence; Price Plateau / Body Shrink; Overextended bear thrust (3 bars)
2025-08-18 09:35:00 AM,6445.02,6450.28,6449.24,(1.04),29.92,BEAR_EXHAUSTION,4,Bullish Engulfing; RSI Oversold (29.9); Volume Climax / Capitulation
2025-08-19 12:05:00 PM,6422.42,6423.39,6411.8,(11.59),30.96,BEAR_EXHAUSTION,4,Bullish Engulfing; Bullish RSI Divergence
2025-08-19 12:50:00 PM,6412.29,6412.24,6411.8,(0.44),20.26,BEAR_EXHAUSTION,4,Hammer at swing low; RSI Oversold (20.3); Price Plateau / Body Shrink; Overextended bear thrust (3 bars)
2025-08-19 12:55:00 PM,6412.22,6411.59,6411.8,0.21,19.56,BEAR_EXHAUSTION,4,RSI Oversold (19.6); Bullish RSI Divergence; Overextended bear thrust (4 bars)
2025-08-19 01:05:00 PM,6411.28,6408.08,6411.8,3.72,21.39,BEAR_EXHAUSTION,4,RSI Oversold (21.4); Bullish RSI Divergence; Overextended bear thrust (6 bars)
2025-08-19 03:20:00 PM,6402.39,6402.89,6411.8,8.91,25.67,BEAR_EXHAUSTION,4,Hammer at swing low; Bullish Engulfing; RSI Oversold (25.7)
2025-08-20 10:20:00 AM,6358.88,6360.27,6394.88,34.61,19.88,BEAR_EXHAUSTION,5,Hammer at swing low; RSI Oversold (19.9); Bullish RSI Divergence; Price Plateau / Body Shrink
2025-08-20 10:50:00 AM,6349.32,6347.67,6394.88,47.21,13.98,BEAR_EXHAUSTION,4,RSI Oversold (14.0); Bullish RSI Divergence; Overextended bear thrust (3 bars)
2025-08-20 10:55:00 AM,6347.41,6345.43,6394.88,49.45,14.29,BEAR_EXHAUSTION,4,RSI Oversold (14.3); Bullish RSI Divergence; Overextended bear thrust (4 bars)
2025-08-20 12:25:00 PM,6382.42,6385.06,6394.88,(9.82),69.5,BULL_EXHAUSTION,4,Bearish RSI Divergence; Price Plateau / Body Shrink; Overextended bull thrust (3 bars)
2025-08-20 03:40:00 PM,6402.06,6399.51,6394.88,4.63,75.25,BULL_EXHAUSTION,4,RSI Overbought (75.2); Bearish RSI Divergence; Price Plateau / Body Shrink
2025-08-22 09:55:00 AM,6409.94,6406.47,6466.35,(59.88),75.25,BULL_EXHAUSTION,5,Bearish Engulfing; RSI Overbought (75.3); Bearish RSI Divergence
2025-08-22 10:50:00 AM,6469.48,6469.3,6466.35,2.95,80.82,BULL_EXHAUSTION,4,Shooting Star at swing high; RSI Overbought (80.8); Bearish RSI Divergence
2025-08-22 01:50:00 PM,6476.21,6474.67,6466.35,8.32,70.2,BULL_EXHAUSTION,5,Bearish Engulfing; RSI Overbought (70.2); Bearish RSI Divergence
2025-08-25 03:35:00 PM,6450.98,6450.34,6439.45,(10.89),25.31,BEAR_EXHAUSTION,4,RSI Oversold (25.3); Bullish RSI Divergence; Overextended bear thrust (5 bars)
2025-08-26 03:25:00 PM,6452.5,6458.77,6465.7,(6.93),86.04,BULL_EXHAUSTION,4,RSI Overbought (86.0); Bearish RSI Divergence; Overextended bull thrust (3 bars)
2025-08-27 09:40:00 AM,6463.74,6467.7,6480.85,(13.15),70.99,BULL_EXHAUSTION,4,RSI Overbought (71.0); Bearish RSI Divergence; Overextended bull thrust (5 bars)
2025-08-28 12:55:00 PM,6495.09,6496.62,6502.31,(5.69),77.37,BULL_EXHAUSTION,4,RSI Overbought (77.4); Bearish RSI Divergence; Overextended bull thrust (4 bars)
2025-08-28 02:20:00 PM,6498.23,6498.24,6502.31,(4.07),85.05,BULL_EXHAUSTION,4,RSI Overbought (85.0); Bearish RSI Divergence; Price Plateau / Body Shrink
2025-08-28 02:30:00 PM,6499.06,6500.34,6502.31,(1.97),90.19,BULL_EXHAUSTION,4,RSI Overbought (90.2); Bearish RSI Divergence; Overextended bull thrust (3 bars)
2025-08-28 02:40:00 PM,6501.69,6502.38,6502.31,0.07,88.54,BULL_EXHAUSTION,4,RSI Overbought (88.5); Bearish RSI Divergence; Overextended bull thrust (5 bars)
2025-08-28 02:45:00 PM,6502.39,6501.88,6502.31,(0.43),83.94,BULL_EXHAUSTION,5,Shooting Star at swing high; RSI Overbought (83.9); Bearish RSI Divergence; Price Plateau / Body Shrink
2025-08-28 02:50:00 PM,6501.82,6501.86,6502.31,(0.45),83.49,BULL_EXHAUSTION,5,Shooting Star at swing high; RSI Overbought (83.5); Bearish RSI Divergence; Price Plateau / Body Shrink
2025-08-28 03:00:00 PM,6503.18,6503.44,6502.31,1.13,81.4,BULL_EXHAUSTION,4,RSI Overbought (81.4); Bearish RSI Divergence; Overextended bull thrust (3 bars)
2025-08-28 03:05:00 PM,6503.54,6503.76,6502.31,1.45,81.57,BULL_EXHAUSTION,5,Shooting Star at swing high; RSI Overbought (81.6); Bearish RSI Divergence; Price Plateau / Body Shrink; Overextended bull thrust (4 bars)
2025-08-29 10:20:00 AM,6455.87,6454.1,6461.82,7.72,15.3,BEAR_EXHAUSTION,4,RSI Oversold (15.3); Bullish RSI Divergence; Price Plateau / Body Shrink
2025-08-29 10:55:00 AM,6449.69,6449.75,6461.82,12.07,19.52,BEAR_EXHAUSTION,5,Hammer at swing low; RSI Oversold (19.5); Bullish RSI Divergence; Price Plateau / Body Shrink
2025-09-02 11:30:00 AM,6376.32,6377.26,6414.95,37.69,27.23,BEAR_EXHAUSTION,5,Bullish Engulfing; RSI Oversold (27.2); Bullish RSI Divergence
2025-09-02 11:55:00 AM,6365.87,6362.71,6414.95,52.24,10.61,BEAR_EXHAUSTION,4,RSI Oversold (10.6); Bullish RSI Divergence; Overextended bear thrust (5 bars)
2025-09-02 01:30:00 PM,6384.73,6387.7,6414.95,(27.25),74.71,BULL_EXHAUSTION,4,RSI Overbought (74.7); Bearish RSI Divergence; Overextended bull thrust (3 bars)
2025-09-02 01:55:00 PM,6400.15,6396.95,6414.95,(18.0),79.17,BULL_EXHAUSTION,5,Bearish Engulfing; RSI Overbought (79.2); Bearish RSI Divergence
2025-09-04 09:55:00 AM,6460.4,6459.5,6501.5,(42.0),89.93,BULL_EXHAUSTION,4,RSI Overbought (89.9); Bearish RSI Divergence; Price Plateau / Body Shrink
2025-09-04 10:30:00 AM,6458.78,6459.79,6501.5,(41.71),71.84,BULL_EXHAUSTION,4,RSI Overbought (71.8); Bearish RSI Divergence; Overextended bull thrust (4 bars)
2025-09-04 10:35:00 AM,6459.92,6462.86,6501.5,(38.64),70.27,BULL_EXHAUSTION,4,RSI Overbought (70.3); Bearish RSI Divergence; Overextended bull thrust (5 bars)
2025-09-04 11:30:00 AM,6471.53,6473.54,6501.5,(27.96),79.29,BULL_EXHAUSTION,4,RSI Overbought (79.3); Bearish RSI Divergence; Overextended bull thrust (3 bars)
2025-09-04 11:55:00 AM,6473.46,6475.85,6501.5,(25.65),72.52,BULL_EXHAUSTION,4,RSI Overbought (72.5); Bearish RSI Divergence; Overextended bull thrust (3 bars)
2025-09-05 11:05:00 AM,6452.4,6452.54,6482.16,29.62,11.35,BEAR_EXHAUSTION,4,Hammer at swing low; RSI Oversold (11.4); Bullish RSI Divergence
2025-09-05 11:15:00 AM,6450.91,6459.15,6482.16,23.01,19.8,BEAR_EXHAUSTION,5,Bullish Engulfing; RSI Oversold (19.8); Bullish RSI Divergence
2025-09-08 10:50:00 AM,6503.24,6504.4,6496.06,8.34,69.27,BULL_EXHAUSTION,4,Bearish RSI Divergence; Price Plateau / Body Shrink; Overextended bull thrust (3 bars)
2025-09-09 01:20:00 PM,6504.11,6503.43,6512.4,(8.97),71.79,BULL_EXHAUSTION,4,Shooting Star at swing high; RSI Overbought (71.8); Bearish RSI Divergence
2025-09-09 01:30:00 PM,6506.26,6505.86,6512.4,(6.54),75.7,BULL_EXHAUSTION,4,Shooting Star at swing high; RSI Overbought (75.7); Bearish RSI Divergence
2025-09-10 10:10:00 AM,6551.59,6551.86,6531.9,19.96,84.77,BULL_EXHAUSTION,5,Shooting Star at swing high; RSI Overbought (84.8); Bearish RSI Divergence; Overextended bull thrust (3 bars)
2025-09-10 02:30:00 PM,6526.52,6526.2,6531.9,5.7,25.41,BEAR_EXHAUSTION,5,Hammer at swing low; RSI Oversold (25.4); Bullish RSI Divergence; Price Plateau / Body Shrink
2025-09-11 10:50:00 AM,6579.77,6576.82,6586.7,(9.88),82.55,BULL_EXHAUSTION,5,Bearish Engulfing; RSI Overbought (82.6); Bearish RSI Divergence
2025-09-11 03:55:00 PM,6589.95,6592.08,6586.7,5.38,71.22,BULL_EXHAUSTION,4,RSI Overbought (71.2); Bearish RSI Divergence; Volume Climax / Blow-off
2025-09-12 01:00:00 PM,6590.16,6590.24,6583.97,6.27,72.07,BULL_EXHAUSTION,4,Shooting Star at swing high; RSI Overbought (72.1); Price Plateau / Body Shrink; Overextended bull thrust (3 bars)
2025-09-18 02:05:00 PM,6636.49,6639.0,6631.17,(7.83),27.64,BEAR_EXHAUSTION,5,Bullish Engulfing; RSI Oversold (27.6); Bullish RSI Divergence
2025-09-19 11:15:00 AM,6637.42,6636.14,6662.84,26.7,26.3,BEAR_EXHAUSTION,4,RSI Oversold (26.3); Bullish RSI Divergence; Overextended bear thrust (4 bars)
2025-09-19 11:20:00 AM,6636.17,6636.08,6662.84,26.76,27.88,BEAR_EXHAUSTION,5,Hammer at swing low; RSI Oversold (27.9); Bullish RSI Divergence; Overextended bear thrust (5 bars)
2025-09-19 11:25:00 AM,6636.04,6637.66,6662.84,25.18,29.38,BEAR_EXHAUSTION,5,Bullish Engulfing; RSI Oversold (29.4); Bullish RSI Divergence
2025-09-19 03:55:00 PM,6664.32,6669.82,6662.84,6.98,77.29,BULL_EXHAUSTION,4,RSI Overbought (77.3); Bearish RSI Divergence; Volume Climax / Blow-off
2025-09-22 11:00:00 AM,6675.21,6676.89,6693.76,(16.87),91.43,BULL_EXHAUSTION,4,RSI Overbought (91.4); Bearish RSI Divergence; Overextended bull thrust (5 bars)
2025-09-22 11:05:00 AM,6676.79,6675.67,6693.76,(18.09),84.21,BULL_EXHAUSTION,4,RSI Overbought (84.2); Bearish RSI Divergence; Price Plateau / Body Shrink
2025-09-22 03:25:00 PM,6696.93,6697.36,6693.76,3.6,76.89,BULL_EXHAUSTION,4,RSI Overbought (76.9); Bearish RSI Divergence; Price Plateau / Body Shrink
2025-09-23 12:40:00 PM,6680.37,6681.19,6658.09,(23.1),30.8,BEAR_EXHAUSTION,4,Hammer at swing low; Bullish RSI Divergence; Price Plateau / Body Shrink
2025-09-23 02:15:00 PM,6654.45,6652.8,6658.09,5.29,29.44,BEAR_EXHAUSTION,4,RSI Oversold (29.4); Bullish RSI Divergence; Overextended bear thrust (3 bars)
2025-09-24 12:15:00 PM,6625.52,6625.75,6636.68,10.93,15.37,BEAR_EXHAUSTION,4,Hammer at swing low; RSI Oversold (15.4); Bullish RSI Divergence
2025-09-25 01:45:00 PM,6592.26,6592.18,6604.2,12.02,25.44,BEAR_EXHAUSTION,4,Hammer at swing low; RSI Oversold (25.4); Price Plateau / Body Shrink; Overextended bear thrust (3 bars)
2025-09-26 01:30:00 PM,6641.16,6641.74,6643.54,(1.8),83.16,BULL_EXHAUSTION,4,RSI Overbought (83.2); Bearish RSI Divergence; Price Plateau / Body Shrink
2025-09-26 01:35:00 PM,6641.76,6641.23,6643.54,(2.31),72.92,BULL_EXHAUSTION,4,RSI Overbought (72.9); Bearish RSI Divergence; Price Plateau / Body Shrink
2025-09-29 12:00:00 PM,6657.19,6657.85,6661.71,3.86,15.65,BEAR_EXHAUSTION,4,Hammer at swing low; Bullish Engulfing; RSI Oversold (15.6)
2025-09-30 03:00:00 PM,6669.47,6669.18,6687.06,(17.88),76.06,BULL_EXHAUSTION,5,Shooting Star at swing high; RSI Overbought (76.1); Bearish RSI Divergence; Price Plateau / Body Shrink
2025-09-30 03:05:00 PM,6669.15,6669.53,6687.06,(17.53),73.68,BULL_EXHAUSTION,4,Shooting Star at swing high; RSI Overbought (73.7); Bearish RSI Divergence
2025-09-30 03:30:00 PM,6677.43,6678.81,6687.06,(8.25),85.12,BULL_EXHAUSTION,4,RSI Overbought (85.1); Bearish RSI Divergence; Overextended bull thrust (3 bars)
2025-09-30 03:35:00 PM,6678.81,6679.85,6687.06,(7.21),85.13,BULL_EXHAUSTION,5,RSI Overbought (85.1); Bearish RSI Divergence; Price Plateau / Body Shrink; Overextended bull thrust (4 bars)
2025-09-30 03:55:00 PM,6684.46,6688.9,6687.06,1.84,80.05,BULL_EXHAUSTION,4,RSI Overbought (80.0); Bearish RSI Divergence; Volume Climax / Blow-off
2025-09-30 04:00:00 PM,6688.95,6687.06,6687.06,0.0,74.29,BULL_EXHAUSTION,5,RSI Overbought (74.3); Bearish RSI Divergence; Volume Climax / Blow-off; Price Plateau / Body Shrink
2025-10-01 11:30:00 AM,6686.57,6688.57,6710.92,(22.35),74.45,BULL_EXHAUSTION,4,RSI Overbought (74.4); Bearish RSI Divergence; Price Plateau / Body Shrink
2025-10-01 11:35:00 AM,6688.5,6691.24,6710.92,(19.68),75.92,BULL_EXHAUSTION,4,RSI Overbought (75.9); Bearish RSI Divergence; Overextended bull thrust (3 bars)
2025-10-01 11:40:00 AM,6691.47,6694.19,6710.92,(16.73),76.38,BULL_EXHAUSTION,4,RSI Overbought (76.4); Bearish RSI Divergence; Overextended bull thrust (4 bars)
2025-10-01 11:45:00 AM,6694.14,6695.0,6710.92,(15.92),75.67,BULL_EXHAUSTION,5,RSI Overbought (75.7); Bearish RSI Divergence; Price Plateau / Body Shrink; Overextended bull thrust (5 bars)
2025-10-01 11:50:00 AM,6695.05,6695.51,6710.92,(15.41),76.71,BULL_EXHAUSTION,4,Shooting Star at swing high; RSI Overbought (76.7); Price Plateau / Body Shrink; Overextended bull thrust (6 bars)
2025-10-01 02:15:00 PM,6709.85,6711.09,6710.92,0.17,90.72,BULL_EXHAUSTION,4,RSI Overbought (90.7); Bearish RSI Divergence; Overextended bull thrust (6 bars)
2025-10-01 02:20:00 PM,6711.03,6712.86,6710.92,1.94,91.34,BULL_EXHAUSTION,4,RSI Overbought (91.3); Bearish RSI Divergence; Overextended bull thrust (7 bars)
2025-10-01 02:30:00 PM,6711.96,6712.64,6710.92,1.72,84.63,BULL_EXHAUSTION,4,RSI Overbought (84.6); Bearish RSI Divergence; Price Plateau / Body Shrink
2025-10-01 02:40:00 PM,6714.29,6715.36,6710.92,4.44,84.83,BULL_EXHAUSTION,4,RSI Overbought (84.8); Bearish RSI Divergence; Overextended bull thrust (3 bars)
2025-10-01 02:45:00 PM,6715.4,6716.57,6710.92,5.65,86.17,BULL_EXHAUSTION,4,RSI Overbought (86.2); Bearish RSI Divergence; Overextended bull thrust (4 bars)
2025-10-01 03:15:00 PM,6716.59,6715.59,6710.92,4.67,72.5,BULL_EXHAUSTION,4,RSI Overbought (72.5); Bearish RSI Divergence; Price Plateau / Body Shrink
2025-10-02 11:00:00 AM,6701.03,6700.41,6715.8,15.39,29.55,BEAR_EXHAUSTION,4,RSI Oversold (29.5); Bullish RSI Divergence; Overextended bear thrust (4 bars)
2025-10-02 02:25:00 PM,6720.26,6721.53,6715.8,5.73,84.19,BULL_EXHAUSTION,4,RSI Overbought (84.2); Bearish RSI Divergence; Overextended bull thrust (7 bars)
2025-10-03 09:50:00 AM,6733.11,6735.88,6715.86,20.02,70.77,BULL_EXHAUSTION,4,RSI Overbought (70.8); Bearish RSI Divergence; Price Plateau / Body Shrink
2025-10-03 09:55:00 AM,6735.69,6736.96,6715.86,21.1,72.45,BULL_EXHAUSTION,4,RSI Overbought (72.4); Bearish RSI Divergence; Price Plateau / Body Shrink
2025-10-06 11:30:00 AM,6735.18,6735.39,6740.29,(4.9),70.1,BULL_EXHAUSTION,4,Shooting Star at swing high; RSI Overbought (70.1); Bearish RSI Divergence
2025-10-06 12:05:00 PM,6742.83,6740.29,6740.29,0.0,79.15,BULL_EXHAUSTION,5,Bearish Engulfing; RSI Overbought (79.2); Bearish RSI Divergence
2025-10-06 12:30:00 PM,6741.14,6742.47,6740.29,2.18,70.83,BULL_EXHAUSTION,4,RSI Overbought (70.8); Bearish RSI Divergence; Overextended bull thrust (3 bars)
2025-10-07 10:55:00 AM,6733.57,6733.24,6714.28,(18.96),22.16,BEAR_EXHAUSTION,4,RSI Oversold (22.2); Bullish RSI Divergence; Overextended bear thrust (4 bars)
2025-10-07 11:00:00 AM,6733.17,6732.68,6714.28,(18.4),24.47,BEAR_EXHAUSTION,4,RSI Oversold (24.5); Bullish RSI Divergence; Overextended bear thrust (5 bars)
2025-10-07 11:40:00 AM,6713.09,6708.06,6714.28,6.22,21.44,BEAR_EXHAUSTION,4,RSI Oversold (21.4); Bullish RSI Divergence; Overextended bear thrust (3 bars)
2025-10-08 12:05:00 PM,6752.29,6751.24,6753.58,(2.34),81.56,BULL_EXHAUSTION,4,RSI Overbought (81.6); Bearish RSI Divergence; Price Plateau / Body Shrink
2025-10-08 12:20:00 PM,6753.85,6754.0,6753.58,0.42,80.58,BULL_EXHAUSTION,4,RSI Overbought (80.6); Bearish RSI Divergence; Overextended bull thrust (3 bars)
2025-10-09 01:20:00 PM,6722.26,6720.69,6734.91,14.22,26.41,BEAR_EXHAUSTION,4,RSI Oversold (26.4); Bullish RSI Divergence; Price Plateau / Body Shrink
2025-10-09 01:25:00 PM,6720.63,6720.65,6734.91,14.26,26.99,BEAR_EXHAUSTION,4,RSI Oversold (27.0); Bullish RSI Divergence; Price Plateau / Body Shrink
2025-10-10 11:30:00 AM,6649.68,6646.71,6552.8,(93.91),18.6,BEAR_EXHAUSTION,4,RSI Oversold (18.6); Bullish RSI Divergence; Overextended bear thrust (3 bars)
2025-10-10 03:55:00 PM,6582.41,6560.49,6552.8,(7.69),29.68,BEAR_EXHAUSTION,4,RSI Oversold (29.7); Bullish RSI Divergence; Volume Climax / Capitulation
2025-10-10 04:00:00 PM,6559.43,6552.8,6552.8,0.0,28.19,BEAR_EXHAUSTION,5,RSI Oversold (28.2); Bullish RSI Divergence; Volume Climax / Capitulation; Overextended bear thrust (3 bars)
2025-10-13 12:30:00 PM,6658.3,6657.47,6653.91,3.56,70.18,BULL_EXHAUSTION,4,RSI Overbought (70.2); Bearish RSI Divergence; Price Plateau / Body Shrink
2025-10-14 11:15:00 AM,6624.49,6624.04,6643.91,(19.87),71.81,BULL_EXHAUSTION,4,RSI Overbought (71.8); Bearish RSI Divergence; Price Plateau / Body Shrink
2025-10-14 12:55:00 PM,6673.6,6674.48,6643.91,30.57,80.6,BULL_EXHAUSTION,4,Shooting Star at swing high; RSI Overbought (80.6); Price Plateau / Body Shrink; Overextended bull thrust (9 bars)
2025-10-14 01:00:00 PM,6674.56,6666.62,6643.91,22.71,68.27,BULL_EXHAUSTION,4,Bearish Engulfing; Bearish RSI Divergence
2025-10-15 02:45:00 PM,6671.31,6672.44,6671.5,0.94,83.57,BULL_EXHAUSTION,5,Shooting Star at swing high; RSI Overbought (83.6); Bearish RSI Divergence; Overextended bull thrust (3 bars)
2025-10-16 12:05:00 PM,6666.97,6666.77,6629.0,(37.77),25.29,BEAR_EXHAUSTION,4,Hammer at swing low; RSI Oversold (25.3); Bullish RSI Divergence
2025-10-16 12:10:00 PM,6666.69,6668.86,6629.0,(39.86),30.06,BEAR_EXHAUSTION,4,Bullish Engulfing; Bullish RSI Divergence
2025-10-16 12:50:00 PM,6629.47,6631.19,6629.0,(2.19),19.13,BEAR_EXHAUSTION,5,Hammer at swing low; RSI Oversold (19.1); Bullish RSI Divergence; Price Plateau / Body Shrink
2025-10-17 02:40:00 PM,6667.69,6667.02,6662.91,4.11,80.17,BULL_EXHAUSTION,4,Shooting Star at swing high; RSI Overbought (80.2); Bearish RSI Divergence
2025-10-17 03:15:00 PM,6670.44,6675.77,6662.91,12.86,83.9,BULL_EXHAUSTION,4,RSI Overbought (83.9); Bearish RSI Divergence; Overextended bull thrust (3 bars)
2025-10-20 10:50:00 AM,6730.22,6734.85,6734.77,0.08,74.08,BULL_EXHAUSTION,4,RSI Overbought (74.1); Bearish RSI Divergence; Overextended bull thrust (3 bars)
2025-10-20 10:55:00 AM,6734.77,6735.33,6734.77,0.56,74.18,BULL_EXHAUSTION,4,RSI Overbought (74.2); Bearish RSI Divergence; Overextended bull thrust (4 bars)
2025-10-20 11:00:00 AM,6735.4,6734.21,6734.77,(0.56),69.62,BULL_EXHAUSTION,4,Bearish Engulfing; Bearish RSI Divergence
2025-10-20 02:10:00 PM,6742.95,6743.25,6734.77,8.48,72.48,BULL_EXHAUSTION,4,RSI Overbought (72.5); Bearish RSI Divergence; Overextended bull thrust (3 bars)
2025-10-21 02:30:00 PM,6745.19,6745.19,6734.76,10.43,68.7,BULL_EXHAUSTION,4,Shooting Star at swing high; Bearish RSI Divergence; Price Plateau / Body Shrink
2025-10-22 01:25:00 PM,6680.26,6672.32,6699.78,27.46,27.5,BEAR_EXHAUSTION,4,RSI Oversold (27.5); Bullish RSI Divergence; Overextended bear thrust (3 bars)
2025-10-24 09:50:00 AM,6794.88,6791.8,6791.14,0.66,80.94,BULL_EXHAUSTION,5,Bearish Engulfing; RSI Overbought (80.9); Bearish RSI Divergence
2025-10-27 02:45:00 PM,6862.83,6863.22,6874.5,(11.28),77.72,BULL_EXHAUSTION,5,RSI Overbought (77.7); Bearish RSI Divergence; Price Plateau / Body Shrink; Overextended bull thrust (3 bars)
2025-10-27 02:50:00 PM,6863.22,6863.45,6874.5,(11.05),73.98,BULL_EXHAUSTION,5,RSI Overbought (74.0); Bearish RSI Divergence; Price Plateau / Body Shrink; Overextended bull thrust (4 bars)
2025-10-27 03:05:00 PM,6863.97,6862.95,6874.5,(11.55),68.23,BULL_EXHAUSTION,4,Bearish Engulfing; Bearish RSI Divergence
2025-10-28 01:15:00 PM,6892.86,6894.47,6890.89,3.58,73.5,BULL_EXHAUSTION,4,RSI Overbought (73.5); Bearish RSI Divergence; Price Plateau / Body Shrink
2025-10-30 03:20:00 PM,6839.04,6838.76,6822.43,(16.33),22.75,BEAR_EXHAUSTION,4,Hammer at swing low; RSI Oversold (22.7); Bullish RSI Divergence
2025-10-30 03:25:00 PM,6838.6,6831.44,6822.43,(9.01),21.72,BEAR_EXHAUSTION,4,RSI Oversold (21.7); Bullish RSI Divergence; Overextended bear thrust (3 bars)
2025-10-30 03:50:00 PM,6828.46,6828.41,6822.43,(5.98),27.76,BEAR_EXHAUSTION,4,Hammer at swing low; RSI Oversold (27.8); Price Plateau / Body Shrink; Overextended bear thrust (3 bars)
2025-10-31 03:25:00 PM,6853.2,6858.6,6840.23,18.37,72.27,BULL_EXHAUSTION,4,RSI Overbought (72.3); Bearish RSI Divergence; Overextended bull thrust (4 bars)
2025-11-05 12:40:00 PM,6824.4,6828.45,6795.95,32.5,85.17,BULL_EXHAUSTION,4,RSI Overbought (85.2); Bearish RSI Divergence; Overextended bull thrust (6 bars)
2025-11-06 10:05:00 AM,6761.92,6746.15,6721.72,(24.43),3.15,BEAR_EXHAUSTION,4,RSI Oversold (3.1); Bullish RSI Divergence; Overextended bear thrust (3 bars)
2025-11-06 10:40:00 AM,6756.19,6739.05,6721.72,(17.33),25.45,BEAR_EXHAUSTION,4,RSI Oversold (25.4); Bullish RSI Divergence; Overextended bear thrust (3 bars)
2025-11-06 02:40:00 PM,6754.4,6753.52,6721.72,31.8,76.38,BULL_EXHAUSTION,4,Shooting Star at swing high; RSI Overbought (76.4); Bearish RSI Divergence
2025-11-06 04:00:00 PM,6725.02,6721.72,6721.72,0.0,26.29,BEAR_EXHAUSTION,4,RSI Oversold (26.3); Bullish RSI Divergence; Volume Climax / Capitulation
2025-11-07 09:50:00 AM,6672.97,6668.07,6729.02,60.95,13.94,BEAR_EXHAUSTION,4,RSI Oversold (13.9); Bullish RSI Divergence; Price Plateau / Body Shrink
2025-11-07 11:20:00 AM,6646.98,6651.33,6729.02,77.69,30.25,BEAR_EXHAUSTION,4,Bullish Engulfing; Bullish RSI Divergence
2025-11-07 01:25:00 PM,6665.6,6671.43,6729.02,(57.59),72.09,BULL_EXHAUSTION,4,RSI Overbought (72.1); Bearish RSI Divergence; Overextended bull thrust (7 bars)
2025-11-07 01:30:00 PM,6671.49,6673.01,6729.02,(56.01),71.1,BULL_EXHAUSTION,4,RSI Overbought (71.1); Bearish RSI Divergence; Overextended bull thrust (8 bars)
2025-11-07 02:10:00 PM,6678.89,6680.23,6729.02,(48.79),72.98,BULL_EXHAUSTION,5,RSI Overbought (73.0); Bearish RSI Divergence; Price Plateau / Body Shrink; Overextended bull thrust (3 bars)
2025-11-07 02:15:00 PM,6680.31,6682.52,6729.02,(46.5),73.55,BULL_EXHAUSTION,4,RSI Overbought (73.5); Bearish RSI Divergence; Overextended bull thrust (4 bars)
2025-11-07 02:20:00 PM,6682.62,6679.68,6729.02,(49.34),68.08,BULL_EXHAUSTION,4,Bearish Engulfing; Bearish RSI Divergence
2025-11-10 10:15:00 AM,6807.62,6806.04,6831.82,(25.78),85.68,BULL_EXHAUSTION,4,Shooting Star at swing high; RSI Overbought (85.7); Bearish RSI Divergence
2025-11-10 11:50:00 AM,6777.62,6777.86,6831.82,53.96,24.6,BEAR_EXHAUSTION,5,Hammer at swing low; RSI Oversold (24.6); Bullish RSI Divergence; Price Plateau / Body Shrink
2025-11-10 01:15:00 PM,6816.57,6816.57,6831.82,(15.25),79.34,BULL_EXHAUSTION,4,Shooting Star at swing high; RSI Overbought (79.3); Bearish RSI Divergence
2025-11-10 01:45:00 PM,6822.25,6821.87,6831.82,(9.95),84.74,BULL_EXHAUSTION,4,RSI Overbought (84.7); Bearish RSI Divergence; Price Plateau / Body Shrink
2025-11-11 01:30:00 PM,6847.33,6848.23,6848.09,0.14,77.44,BULL_EXHAUSTION,4,RSI Overbought (77.4); Bearish RSI Divergence; Price Plateau / Body Shrink
2025-11-13 09:55:00 AM,6800.39,6803.74,6738.52,(65.22),26.99,BEAR_EXHAUSTION,4,RSI Oversold (27.0); Bullish RSI Divergence; Price Plateau / Body Shrink
2025-11-14 10:55:00 AM,6740.72,6740.87,6735.1,5.77,79.01,BULL_EXHAUSTION,4,RSI Overbought (79.0); Bearish RSI Divergence; Overextended bull thrust (6 bars)
2025-11-14 11:35:00 AM,6761.91,6755.7,6735.1,20.6,82.18,BULL_EXHAUSTION,5,Bearish Engulfing; RSI Overbought (82.2); Bearish RSI Divergence
2025-11-14 04:00:00 PM,6733.82,6735.1,6735.1,0.0,26.16,BEAR_EXHAUSTION,5,Hammer at swing low; RSI Oversold (26.2); Bullish RSI Divergence; Volume Climax / Capitulation; Price Plateau / Body Shrink
2025-11-17 09:35:00 AM,6713.61,6725.94,6672.91,(53.03),18.99,BEAR_EXHAUSTION,4,RSI Oversold (19.0); Bullish RSI Divergence; Volume Climax / Capitulation
2025-11-17 02:05:00 PM,6682.54,6678.22,6672.91,(5.31),20.67,BEAR_EXHAUSTION,4,RSI Oversold (20.7); Bullish RSI Divergence; Overextended bear thrust (3 bars)
2025-11-17 02:10:00 PM,6678.19,6679.85,6672.91,(6.94),24.79,BEAR_EXHAUSTION,4,RSI Oversold (24.8); Bullish RSI Divergence; Price Plateau / Body Shrink
2025-11-17 02:50:00 PM,6661.79,6657.19,6672.91,15.72,19.98,BEAR_EXHAUSTION,4,RSI Oversold (20.0); Bullish RSI Divergence; Price Plateau / Body Shrink
2025-11-17 03:10:00 PM,6643.1,6645.5,6672.91,27.41,17.8,BEAR_EXHAUSTION,5,Bullish Engulfing; RSI Oversold (17.8); Bullish RSI Divergence
2025-11-19 11:35:00 AM,6636.0,6635.89,6642.93,7.04,11.5,BEAR_EXHAUSTION,4,RSI Oversold (11.5); Bullish RSI Divergence; Price Plateau / Body Shrink
2025-11-19 11:50:00 AM,6631.88,6629.1,6642.93,13.83,16.36,BEAR_EXHAUSTION,4,RSI Oversold (16.4); Bullish RSI Divergence; Price Plateau / Body Shrink
2025-11-20 09:55:00 AM,6755.84,6756.27,6539.18,217.09,83.6,BULL_EXHAUSTION,4,Shooting Star at swing high; RSI Overbought (83.6); Bearish RSI Divergence
2025-11-20 10:00:00 AM,6757.13,6763.54,6539.18,224.36,82.59,BULL_EXHAUSTION,4,RSI Overbought (82.6); Bearish RSI Divergence; Overextended bull thrust (3 bars)
2025-11-20 11:25:00 AM,6699.81,6695.25,6539.18,(156.07),23.95,BEAR_EXHAUSTION,4,RSI Oversold (24.0); Bullish RSI Divergence; Overextended bear thrust (9 bars)
2025-11-20 12:10:00 PM,6630.09,6617.4,6539.18,(78.22),8.92,BEAR_EXHAUSTION,4,RSI Oversold (8.9); Bullish RSI Divergence; Price Plateau / Body Shrink
2025-11-20 12:15:00 PM,6617.18,6609.34,6539.18,(70.16),9.11,BEAR_EXHAUSTION,4,RSI Oversold (9.1); Bullish RSI Divergence; Price Plateau / Body Shrink
2025-11-20 12:20:00 PM,6609.37,6593.51,6539.18,(54.33),8.56,BEAR_EXHAUSTION,4,RSI Oversold (8.6); Bullish RSI Divergence; Overextended bear thrust (3 bars)
2025-11-20 12:55:00 PM,6572.88,6575.29,6539.18,(36.11),21.26,BEAR_EXHAUSTION,4,RSI Oversold (21.3); Bullish RSI Divergence; Price Plateau / Body Shrink
2025-11-21 12:40:00 PM,6622.77,6621.02,6603.8,17.22,75.78,BULL_EXHAUSTION,5,Shooting Star at swing high; RSI Overbought (75.8); Bearish RSI Divergence; Price Plateau / Body Shrink
2025-11-21 03:55:00 PM,6618.92,6603.96,6603.8,(0.16),24.11,BEAR_EXHAUSTION,4,RSI Oversold (24.1); Bullish RSI Divergence; Volume Climax / Capitulation
2025-11-24 10:50:00 AM,6682.22,6686.2,6704.67,(18.47),70.75,BULL_EXHAUSTION,4,RSI Overbought (70.7); Bearish RSI Divergence; Overextended bull thrust (5 bars)
2025-11-24 11:15:00 AM,6696.69,6695.85,6704.67,(8.82),75.34,BULL_EXHAUSTION,4,RSI Overbought (75.3); Bearish RSI Divergence; Price Plateau / Body Shrink
2025-11-24 11:50:00 AM,6696.3,6696.46,6704.67,(8.21),70.63,BULL_EXHAUSTION,4,Shooting Star at swing high; RSI Overbought (70.6); Bearish RSI Divergence
2025-11-24 02:55:00 PM,6698.02,6697.35,6704.67,7.32,31.23,BEAR_EXHAUSTION,4,Bullish RSI Divergence; Price Plateau / Body Shrink; Overextended bear thrust (3 bars)
2025-11-25 04:00:00 PM,6771.47,6766.1,6766.1,0.0,75.38,BULL_EXHAUSTION,5,Bearish Engulfing; RSI Overbought (75.4); Bearish RSI Divergence; Volume Climax / Blow-off
2025-11-26 09:35:00 AM,6793.55,6798.18,6811.76,(13.58),84.71,BULL_EXHAUSTION,4,RSI Overbought (84.7); Bearish RSI Divergence; Volume Climax / Blow-off
2025-11-26 09:40:00 AM,6798.36,6798.36,6811.76,(13.4),84.23,BULL_EXHAUSTION,4,RSI Overbought (84.2); Bearish RSI Divergence; Price Plateau / Body Shrink
2025-11-26 11:45:00 AM,6826.09,6829.62,6811.76,17.86,81.38,BULL_EXHAUSTION,4,RSI Overbought (81.4); Bearish RSI Divergence; Overextended bull thrust (3 bars)
2025-11-26 11:50:00 AM,6829.57,6826.99,6811.76,15.23,75.34,BULL_EXHAUSTION,4,RSI Overbought (75.3); Bearish RSI Divergence; Price Plateau / Body Shrink
2025-11-28 10:55:00 AM,6838.75,6840.45,6848.48,(8.03),73.55,BULL_EXHAUSTION,4,RSI Overbought (73.6); Bearish RSI Divergence; Overextended bull thrust (3 bars)
2025-12-01 11:55:00 AM,6835.85,6832.73,6814.65,18.08,69.24,BULL_EXHAUSTION,4,Bearish Engulfing; Bearish RSI Divergence
2025-12-01 03:10:00 PM,6817.28,6818.48,6814.65,(3.83),23.59,BEAR_EXHAUSTION,4,RSI Oversold (23.6); Bullish RSI Divergence; Price Plateau / Body Shrink
2025-12-04 09:55:00 AM,6848.28,6846.67,6857.96,11.29,29.08,BEAR_EXHAUSTION,5,Hammer at swing low; RSI Oversold (29.1); Bullish RSI Divergence; Price Plateau / Body Shrink; Overextended bear thrust (3 bars)
2025-12-09 10:00:00 AM,6855.36,6856.48,6840.32,16.16,72.84,BULL_EXHAUSTION,5,RSI Overbought (72.8); Bearish RSI Divergence; Price Plateau / Body Shrink; Overextended bull thrust (3 bars)
2025-12-10 09:40:00 AM,6832.66,6833.6,6886.95,53.35,21.51,BEAR_EXHAUSTION,4,Hammer at swing low; Bullish Engulfing; RSI Oversold (21.5)
2025-12-10 03:00:00 PM,6882.32,6890.18,6886.95,3.23,70.07,BULL_EXHAUSTION,4,RSI Overbought (70.1); Bearish RSI Divergence; Overextended bull thrust (3 bars)
2025-12-11 10:05:00 AM,6837.19,6843.98,6902.1,58.12,25.11,BEAR_EXHAUSTION,5,Bullish Engulfing; RSI Oversold (25.1); Bullish RSI Divergence
2025-12-11 01:15:00 PM,6890.23,6891.17,6902.1,(10.93),77.52,BULL_EXHAUSTION,5,RSI Overbought (77.5); Bearish RSI Divergence; Price Plateau / Body Shrink; Overextended bull thrust (3 bars)
2025-12-11 01:20:00 PM,6891.29,6889.52,6902.1,(12.58),74.62,BULL_EXHAUSTION,5,Bearish Engulfing; RSI Overbought (74.6); Bearish RSI Divergence
2025-12-12 10:20:00 AM,6869.54,6869.67,6827.89,(41.78),31.25,BEAR_EXHAUSTION,4,Hammer at swing low; Bullish RSI Divergence; Price Plateau / Body Shrink
2025-12-12 11:15:00 AM,6819.52,6820.63,6827.89,7.26,20.47,BEAR_EXHAUSTION,5,Hammer at swing low; RSI Oversold (20.5); Bullish RSI Divergence; Price Plateau / Body Shrink
2025-12-12 03:05:00 PM,6829.95,6829.08,6827.89,(1.19),25.79,BEAR_EXHAUSTION,5,Hammer at swing low; RSI Oversold (25.8); Bullish RSI Divergence; Price Plateau / Body Shrink
2025-12-16 03:45:00 PM,6810.26,6809.44,6798.51,10.93,79.06,BULL_EXHAUSTION,4,RSI Overbought (79.1); Bearish RSI Divergence; Price Plateau / Body Shrink
2025-12-17 10:55:00 AM,6768.16,6756.45,6722.22,(34.23),26.79,BEAR_EXHAUSTION,4,RSI Oversold (26.8); Bullish RSI Divergence; Overextended bear thrust (5 bars)
2025-12-18 10:05:00 AM,6789.67,6789.85,6774.35,15.5,70.22,BULL_EXHAUSTION,4,Shooting Star at swing high; RSI Overbought (70.2); Price Plateau / Body Shrink; Overextended bull thrust (3 bars)
2025-12-18 10:50:00 AM,6813.31,6810.18,6774.35,35.83,69.1,BULL_EXHAUSTION,4,Bearish Engulfing; Bearish RSI Divergence
2025-12-19 09:55:00 AM,6819.46,6822.02,6834.7,(12.68),71.39,BULL_EXHAUSTION,4,RSI Overbought (71.4); Bearish RSI Divergence; Price Plateau / Body Shrink
2025-12-19 10:05:00 AM,6826.8,6830.53,6834.7,(4.17),72.98,BULL_EXHAUSTION,4,RSI Overbought (73.0); Bearish RSI Divergence; Overextended bull thrust (3 bars)
2025-12-22 09:35:00 AM,6865.21,6864.73,6876.49,(11.76),77.32,BULL_EXHAUSTION,4,Shooting Star at swing high; RSI Overbought (77.3); Volume Climax / Blow-off; Price Plateau / Body Shrink
2025-12-22 12:00:00 PM,6875.59,6877.67,6876.49,1.18,72.61,BULL_EXHAUSTION,4,RSI Overbought (72.6); Bearish RSI Divergence; Overextended bull thrust (3 bars)
2025-12-22 12:05:00 PM,6877.78,6877.14,6876.49,0.65,70.95,BULL_EXHAUSTION,4,RSI Overbought (71.0); Bearish RSI Divergence; Price Plateau / Body Shrink
2025-12-23 11:50:00 AM,6896.32,6896.63,6909.02,(12.39),80.89,BULL_EXHAUSTION,4,RSI Overbought (80.9); Bearish RSI Divergence; Overextended bull thrust (3 bars)
2025-12-23 11:55:00 AM,6896.58,6897.91,6909.02,(11.11),80.57,BULL_EXHAUSTION,4,RSI Overbought (80.6); Bearish RSI Divergence; Overextended bull thrust (4 bars)
2025-12-23 12:00:00 PM,6897.98,6898.38,6909.02,(10.64),80.71,BULL_EXHAUSTION,4,RSI Overbought (80.7); Bearish RSI Divergence; Overextended bull thrust (5 bars)
2025-12-23 12:20:00 PM,6898.62,6899.31,6909.02,(9.71),77.52,BULL_EXHAUSTION,4,RSI Overbought (77.5); Bearish RSI Divergence; Overextended bull thrust (3 bars)
2025-12-24 11:00:00 AM,6922.07,6923.55,6932.05,(8.5),79.54,BULL_EXHAUSTION,4,RSI Overbought (79.5); Bearish RSI Divergence; Overextended bull thrust (5 bars)
2025-12-24 12:10:00 PM,6933.48,6934.39,6932.05,2.34,89.91,BULL_EXHAUSTION,4,RSI Overbought (89.9); Bearish RSI Divergence; Overextended bull thrust (3 bars)
2025-12-29 11:45:00 AM,6896.64,6896.37,6906.96,10.59,26.57,BEAR_EXHAUSTION,4,Hammer at swing low; RSI Oversold (26.6); Price Plateau / Body Shrink; Overextended bear thrust (4 bars)
2025-12-31 10:45:00 AM,6878.14,6878.24,6845.77,(32.47),29.21,BEAR_EXHAUSTION,4,Hammer at swing low; RSI Oversold (29.2); Bullish RSI Divergence
2025-12-31 03:35:00 PM,6854.36,6860.4,6845.77,(14.63),27.09,BEAR_EXHAUSTION,5,Bullish Engulfing; RSI Oversold (27.1); Bullish RSI Divergence
2026-01-02 02:50:00 PM,6861.76,6862.31,6858.54,3.77,75.07,BULL_EXHAUSTION,4,RSI Overbought (75.1); Bearish RSI Divergence; Price Plateau / Body Shrink
2026-01-05 09:55:00 AM,6898.18,6895.9,6902.74,(6.84),73.28,BULL_EXHAUSTION,4,RSI Overbought (73.3); Bearish RSI Divergence; Price Plateau / Body Shrink
2026-01-05 11:05:00 AM,6909.63,6908.11,6902.74,5.37,68.74,BULL_EXHAUSTION,4,Bearish Engulfing; Bearish RSI Divergence
2026-01-06 10:05:00 AM,6927.23,6927.41,6944.52,(17.11),75.66,BULL_EXHAUSTION,4,Shooting Star at swing high; RSI Overbought (75.7); Price Plateau / Body Shrink; Overextended bull thrust (5 bars)
2026-01-06 01:20:00 PM,6935.31,6937.06,6944.52,(7.46),81.66,BULL_EXHAUSTION,4,RSI Overbought (81.7); Bearish RSI Divergence; Overextended bull thrust (3 bars)
2026-01-06 02:30:00 PM,6946.67,6945.4,6944.52,0.88,71.06,BULL_EXHAUSTION,5,Bearish Engulfing; RSI Overbought (71.1); Bearish RSI Divergence
2026-01-07 12:05:00 PM,6960.88,6962.64,6921.53,41.11,75.86,BULL_EXHAUSTION,4,RSI Overbought (75.9); Bearish RSI Divergence; Overextended bull thrust (3 bars)
2026-01-07 12:10:00 PM,6962.64,6964.53,6921.53,43.0,76.47,BULL_EXHAUSTION,4,RSI Overbought (76.5); Bearish RSI Divergence; Overextended bull thrust (4 bars)
2026-01-07 03:35:00 PM,6928.89,6923.21,6921.53,(1.68),20.88,BEAR_EXHAUSTION,4,RSI Oversold (20.9); Bullish RSI Divergence; Overextended bear thrust (3 bars)
2026-01-07 04:00:00 PM,6923.96,6921.53,6921.53,0.0,18.87,BEAR_EXHAUSTION,4,RSI Oversold (18.9); Bullish RSI Divergence; Volume Climax / Capitulation
2026-01-09 12:15:00 PM,6967.39,6967.15,6965.99,1.16,72.21,BULL_EXHAUSTION,4,RSI Overbought (72.2); Bearish RSI Divergence; Price Plateau / Body Shrink
2026-01-12 09:35:00 AM,6944.12,6943.76,6976.72,32.96,14.1,BEAR_EXHAUSTION,4,Hammer at swing low; RSI Oversold (14.1); Volume Climax / Capitulation; Overextended bear thrust (6 bars)
2026-01-12 01:45:00 PM,6976.64,6976.58,6976.72,(0.14),70.52,BULL_EXHAUSTION,4,RSI Overbought (70.5); Bearish RSI Divergence; Price Plateau / Body Shrink
2026-01-12 02:00:00 PM,6976.84,6977.52,6976.72,0.8,70.97,BULL_EXHAUSTION,4,RSI Overbought (71.0); Bearish RSI Divergence; Price Plateau / Body Shrink
2026-01-15 10:20:00 AM,6964.66,6964.96,6944.97,19.99,74.59,BULL_EXHAUSTION,5,RSI Overbought (74.6); Bearish RSI Divergence; Price Plateau / Body Shrink; Overextended bull thrust (4 bars)
2026-01-15 03:30:00 PM,6941.06,6942.7,6944.97,2.27,12.43,BEAR_EXHAUSTION,5,Bullish Engulfing; RSI Oversold (12.4); Bullish RSI Divergence
2026-01-15 03:55:00 PM,6939.1,6943.57,6944.97,1.4,23.42,BEAR_EXHAUSTION,4,Bullish Engulfing; RSI Oversold (23.4); Volume Climax / Capitulation
2026-01-15 04:00:00 PM,6944.03,6944.97,6944.97,0.0,27.18,BEAR_EXHAUSTION,5,Hammer at swing low; RSI Oversold (27.2); Bullish RSI Divergence; Volume Climax / Capitulation
2026-01-16 10:45:00 AM,6931.46,6930.86,6939.46,8.6,27.58,BEAR_EXHAUSTION,4,Hammer at swing low; RSI Oversold (27.6); Price Plateau / Body Shrink; Overextended bear thrust (4 bars)
2026-01-20 10:20:00 AM,6839.99,6836.74,6796.76,(39.98),11.61,BEAR_EXHAUSTION,4,RSI Oversold (11.6); Bullish RSI Divergence; Price Plateau / Body Shrink
2026-01-20 01:30:00 PM,6828.18,6826.8,6796.76,(30.04),18.21,BEAR_EXHAUSTION,4,RSI Oversold (18.2); Bullish RSI Divergence; Overextended bear thrust (3 bars)
2026-01-20 01:35:00 PM,6826.65,6822.33,6796.76,(25.57),18.16,BEAR_EXHAUSTION,4,RSI Oversold (18.2); Bullish RSI Divergence; Overextended bear thrust (4 bars)
2026-01-20 02:35:00 PM,6803.45,6798.82,6796.76,(2.06),14.93,BEAR_EXHAUSTION,4,RSI Oversold (14.9); Bullish RSI Divergence; Overextended bear thrust (6 bars)
2026-01-20 02:40:00 PM,6798.73,6803.94,6796.76,(7.18),24.97,BEAR_EXHAUSTION,5,Bullish Engulfing; RSI Oversold (25.0); Bullish RSI Divergence
2026-01-21 10:45:00 AM,6864.2,6868.22,6875.48,(7.26),92.12,BULL_EXHAUSTION,4,RSI Overbought (92.1); Bearish RSI Divergence; Overextended bull thrust (4 bars)
2026-01-21 10:50:00 AM,6868.07,6870.36,6875.48,(5.12),91.79,BULL_EXHAUSTION,4,RSI Overbought (91.8); Bearish RSI Divergence; Overextended bull thrust (5 bars)
2026-01-21 10:55:00 AM,6870.4,6874.48,6875.48,(1.0),92.91,BULL_EXHAUSTION,4,RSI Overbought (92.9); Bearish RSI Divergence; Overextended bull thrust (6 bars)
2026-01-21 11:05:00 AM,6870.68,6868.05,6875.48,(7.43),78.66,BULL_EXHAUSTION,4,RSI Overbought (78.7); Bearish RSI Divergence; Price Plateau / Body Shrink
2026-01-22 11:30:00 AM,6921.97,6921.78,6912.54,9.24,76.67,BULL_EXHAUSTION,4,Shooting Star at swing high; RSI Overbought (76.7); Bearish RSI Divergence
2026-01-22 11:45:00 AM,6922.95,6924.71,6912.54,12.17,74.22,BULL_EXHAUSTION,4,RSI Overbought (74.2); Bearish RSI Divergence; Overextended bull thrust (3 bars)
2026-01-22 11:50:00 AM,6924.83,6925.86,6912.54,13.32,74.33,BULL_EXHAUSTION,4,RSI Overbought (74.3); Bearish RSI Divergence; Overextended bull thrust (4 bars)
2026-01-22 11:55:00 AM,6925.92,6926.02,6912.54,13.48,72.5,BULL_EXHAUSTION,5,Shooting Star at swing high; RSI Overbought (72.5); Bearish RSI Divergence; Price Plateau / Body Shrink; Overextended bull thrust (5 bars)
2026-01-22 12:35:00 PM,6926.1,6931.82,6912.54,19.28,70.9,BULL_EXHAUSTION,4,RSI Overbought (70.9); Bearish RSI Divergence; Overextended bull thrust (3 bars)
2026-01-22 03:40:00 PM,6903.04,6902.72,6912.54,9.82,15.65,BEAR_EXHAUSTION,4,Hammer at swing low; RSI Oversold (15.6); Price Plateau / Body Shrink; Overextended bear thrust (5 bars)
2026-01-22 03:45:00 PM,6902.19,6905.18,6912.54,7.36,22.02,BEAR_EXHAUSTION,5,Bullish Engulfing; RSI Oversold (22.0); Bullish RSI Divergence
2026-01-26 10:30:00 AM,6956.88,6948.94,6950.15,(1.21),75.79,BULL_EXHAUSTION,5,Bearish Engulfing; RSI Overbought (75.8); Bearish RSI Divergence
2026-01-27 11:50:00 AM,6987.2,6987.29,6978.58,8.71,76.2,BULL_EXHAUSTION,4,RSI Overbought (76.2); Bearish RSI Divergence; Price Plateau / Body Shrink
2026-01-29 10:55:00 AM,6887.42,6875.75,6966.27,90.52,11.8,BEAR_EXHAUSTION,4,RSI Oversold (11.8); Bullish RSI Divergence; Overextended bear thrust (6 bars)
2026-01-29 12:25:00 PM,6930.6,6934.51,6966.27,(31.76),92.04,BULL_EXHAUSTION,4,RSI Overbought (92.0); Bearish RSI Divergence; Overextended bull thrust (6 bars)
2026-01-29 12:40:00 PM,6934.4,6934.78,6966.27,(31.49),92.95,BULL_EXHAUSTION,4,Shooting Star at swing high; RSI Overbought (93.0); Bearish RSI Divergence
2026-01-29 12:45:00 PM,6934.89,6930.1,6966.27,(36.17),81.53,BULL_EXHAUSTION,5,Bearish Engulfing; RSI Overbought (81.5); Bearish RSI Divergence
2026-01-30 12:15:00 PM,6913.82,6913.93,6937.5,23.57,26.98,BEAR_EXHAUSTION,4,RSI Oversold (27.0); Bullish RSI Divergence; Price Plateau / Body Shrink
2026-02-02 01:05:00 PM,6986.95,6989.22,6976.23,12.99,73.63,BULL_EXHAUSTION,4,RSI Overbought (73.6); Bearish RSI Divergence; Price Plateau / Body Shrink
2026-02-03 12:40:00 PM,6903.32,6902.36,6917.4,15.04,23.31,BEAR_EXHAUSTION,5,RSI Oversold (23.3); Bullish RSI Divergence; Price Plateau / Body Shrink; Overextended bear thrust (3 bars)
2026-02-03 03:55:00 PM,6910.23,6915.2,6917.4,(2.2),75.22,BULL_EXHAUSTION,4,RSI Overbought (75.2); Bearish RSI Divergence; Volume Climax / Blow-off
2026-02-04 01:20:00 PM,6850.39,6846.23,6882.76,36.53,29.34,BEAR_EXHAUSTION,4,RSI Oversold (29.3); Bullish RSI Divergence; Price Plateau / Body Shrink
2026-02-05 10:25:00 AM,6802.24,6793.08,6799.99,6.91,22.44,BEAR_EXHAUSTION,4,RSI Oversold (22.4); Bullish RSI Divergence; Price Plateau / Body Shrink
2026-02-05 10:30:00 AM,6793.44,6787.15,6799.99,12.84,20.21,BEAR_EXHAUSTION,4,RSI Oversold (20.2); Bullish RSI Divergence; Price Plateau / Body Shrink
2026-02-05 10:35:00 AM,6786.86,6781.67,6799.99,18.32,21.48,BEAR_EXHAUSTION,5,RSI Oversold (21.5); Bullish RSI Divergence; Price Plateau / Body Shrink; Overextended bear thrust (3 bars)
2026-02-09 10:55:00 AM,6959.75,6960.59,6963.17,(2.58),71.79,BULL_EXHAUSTION,5,RSI Overbought (71.8); Bearish RSI Divergence; Price Plateau / Body Shrink; Overextended bull thrust (5 bars)
2026-02-09 11:00:00 AM,6960.63,6964.68,6963.17,1.51,73.45,BULL_EXHAUSTION,4,RSI Overbought (73.4); Bearish RSI Divergence; Overextended bull thrust (6 bars)
2026-02-09 11:35:00 AM,6969.11,6967.73,6963.17,4.56,74.38,BULL_EXHAUSTION,4,RSI Overbought (74.4); Bearish RSI Divergence; Price Plateau / Body Shrink
2026-02-09 11:55:00 AM,6974.07,6975.69,6963.17,12.52,76.92,BULL_EXHAUSTION,5,RSI Overbought (76.9); Bearish RSI Divergence; Price Plateau / Body Shrink; Overextended bull thrust (3 bars)
2026-02-09 12:00:00 PM,6975.65,6975.56,6963.17,12.39,75.02,BULL_EXHAUSTION,5,Shooting Star at swing high; RSI Overbought (75.0); Bearish RSI Divergence; Price Plateau / Body Shrink
2026-02-09 03:45:00 PM,6967.16,6967.74,6963.17,(4.57),26.14,BEAR_EXHAUSTION,4,RSI Oversold (26.1); Bullish RSI Divergence; Price Plateau / Body Shrink
2026-02-12 12:00:00 PM,6861.04,6866.36,6833.54,(32.82),23.02,BEAR_EXHAUSTION,5,Bullish Engulfing; RSI Oversold (23.0); Bullish RSI Divergence
2026-02-12 03:55:00 PM,6838.45,6836.76,6833.54,(3.22),20.09,BEAR_EXHAUSTION,4,Hammer at swing low; RSI Oversold (20.1); Volume Climax / Capitulation; Overextended bear thrust (3 bars)
2026-02-13 12:10:00 PM,6872.2,6871.85,6835.08,36.77,70.41,BULL_EXHAUSTION,4,Shooting Star at swing high; RSI Overbought (70.4); Bearish RSI Divergence
2026-02-18 10:50:00 AM,6901.51,6901.93,6879.66,22.27,74.36,BULL_EXHAUSTION,5,RSI Overbought (74.4); Bearish RSI Divergence; Price Plateau / Body Shrink; Overextended bull thrust (3 bars)
2026-02-18 10:55:00 AM,6902.07,6902.91,6879.66,23.25,71.87,BULL_EXHAUSTION,4,RSI Overbought (71.9); Bearish RSI Divergence; Overextended bull thrust (4 bars)
2026-02-18 11:10:00 AM,6904.09,6902.09,6879.66,22.43,76.0,BULL_EXHAUSTION,5,Bearish Engulfing; RSI Overbought (76.0); Bearish RSI Divergence
2026-02-18 02:25:00 PM,6880.04,6884.83,6879.66,(5.17),25.24,BEAR_EXHAUSTION,5,Bullish Engulfing; RSI Oversold (25.2); Bullish RSI Divergence
2026-02-18 02:40:00 PM,6877.21,6870.16,6879.66,9.5,20.79,BEAR_EXHAUSTION,4,RSI Oversold (20.8); Bullish RSI Divergence; Overextended bear thrust (3 bars)
2026-02-18 03:20:00 PM,6861.88,6861.35,6879.66,18.31,23.89,BEAR_EXHAUSTION,5,RSI Oversold (23.9); Bullish RSI Divergence; Price Plateau / Body Shrink; Overextended bear thrust (3 bars)
2026-02-18 03:25:00 PM,6861.29,6861.37,6879.66,18.29,25.47,BEAR_EXHAUSTION,5,Hammer at swing low; RSI Oversold (25.5); Bullish RSI Divergence; Price Plateau / Body Shrink
2026-02-20 01:55:00 PM,6908.51,6911.0,6910.22,0.78,78.86,BULL_EXHAUSTION,5,RSI Overbought (78.9); Bearish RSI Divergence; Price Plateau / Body Shrink; Overextended bull thrust (3 bars)
2026-02-23 11:00:00 AM,6843.79,6838.85,6839.59,0.74,7.5,BEAR_EXHAUSTION,4,RSI Oversold (7.5); Bullish RSI Divergence; Overextended bear thrust (4 bars)
2026-02-23 11:15:00 AM,6825.42,6822.46,6839.59,17.13,4.83,BEAR_EXHAUSTION,5,RSI Oversold (4.8); Bullish RSI Divergence; Price Plateau / Body Shrink; Overextended bear thrust (7 bars)
2026-02-23 12:50:00 PM,6828.38,6827.28,6839.59,12.31,28.13,BEAR_EXHAUSTION,4,RSI Oversold (28.1); Bullish RSI Divergence; Price Plateau / Body Shrink
2026-02-23 01:35:00 PM,6854.33,6853.7,6839.59,14.11,69.69,BULL_EXHAUSTION,4,Bearish Engulfing; Bearish RSI Divergence
2026-02-24 01:00:00 PM,6890.21,6890.49,6891.04,(0.55),80.11,BULL_EXHAUSTION,4,RSI Overbought (80.1); Bearish RSI Divergence; Price Plateau / Body Shrink
2026-02-25 10:00:00 AM,6930.55,6929.86,6946.89,(17.03),80.98,BULL_EXHAUSTION,4,RSI Overbought (81.0); Bearish RSI Divergence; Price Plateau / Body Shrink
2026-02-25 12:25:00 PM,6939.46,6939.63,6946.89,(7.26),76.95,BULL_EXHAUSTION,4,RSI Overbought (77.0); Bearish RSI Divergence; Price Plateau / Body Shrink
2026-02-25 12:45:00 PM,6939.19,6939.78,6946.89,(7.11),70.6,BULL_EXHAUSTION,4,RSI Overbought (70.6); Bearish RSI Divergence; Overextended bull thrust (3 bars)
2026-02-26 02:40:00 PM,6907.94,6906.38,6909.01,(2.63),81.18,BULL_EXHAUSTION,4,RSI Overbought (81.2); Bearish RSI Divergence; Price Plateau / Body Shrink
2026-02-26 02:45:00 PM,6906.66,6907.71,6909.01,(1.3),76.46,BULL_EXHAUSTION,4,RSI Overbought (76.5); Bearish RSI Divergence; Price Plateau / Body Shrink
